id,player_full_name,team,role,matches_played,innings_batted,runs,balls_faced,batting_average,strike_rate,fifties,hundreds,fours,sixes,highest_score,wickets,balls_bowled,runs_conceded,bowling_average,economy,five_wicket_hauls,catches,stumpings,run_outs,dismissal_breakdown
1,Alick Athanaze,West Indies,Batter,13.0,2.0,325.0,259.0,162.5,125.48,1.0,0.0,31.0,17.0,60.0,7.0,7.0,16.0,2.2857142857142856,13.71,1.0,3.0,0.0,1.0,"{'bowled': 1, 'caught': 9, 'lbw': 1, 'stumped': 1}"
2,Aryan Dutt,Netherlands,Bowler,14.0,2.0,114.0,117.0,57.0,97.44,0.0,0.0,7.0,3.0,30.0,521.0,521.0,597.0,1.145873320537428,6.88,26.0,2.0,0.0,0.0,"{'bowled': 4, 'caught': 2, 'run out': 1}"
3,Alei Nao,Papua New Guinea,Bowler,8.0,2.0,67.0,56.0,33.5,119.64,0.0,0.0,5.0,3.0,30.0,385.0,385.0,373.0,0.9688311688311688,5.81,18.0,3.0,0.0,1.0,"{'bowled': 1, 'caught': 2, 'run out': 2}"
4,Assad Vala,Papua New Guinea,All-rounder,53.0,2.0,1233.0,1088.0,616.5,113.33,1.0,0.0,108.0,38.0,93.0,539.0,539.0,586.0,1.0871985157699444,6.52,38.0,26.0,0.0,0.0,"{'bowled': 10, 'caught': 28, 'caught and bowled': 1, 'lbw': 4, 'run out': 1}"
5,Adam Zampa,Australia,Bowler,22.0,2.0,59.0,75.0,29.5,78.67,0.0,0.0,6.0,0.0,13.0,2305.0,2305.0,2846.0,1.23470715835141,7.41,103.0,15.0,0.0,0.0,"{'bowled': 2, 'caught': 9, 'run out': 3}"
6,Andre Russell,West Indies,All-rounder,71.0,2.0,1112.0,706.0,556.0,157.51,1.0,0.0,65.0,95.0,71.0,1234.0,1234.0,1895.0,1.5356564019448946,9.21,73.0,17.0,0.0,3.0,"{'bowled': 10, 'caught': 34, 'caught and bowled': 1, 'lbw': 2, 'run out': 3}"
7,Andre Fletcher,West Indies,Batter,56.0,2.0,973.0,913.0,486.5,106.57,1.0,0.0,65.0,53.0,84.0,0.0,0.0,0.0,0.0,0.0,0.0,23.0,3.0,2.0,"{'bowled': 17, 'caught': 21, 'lbw': 4, 'run out': 6, 'stumped': 2}"
8,AF Milne,New Zealand,Bowler,19.0,2.0,83.0,89.0,41.5,93.26,0.0,0.0,1.0,6.0,16.0,1185.0,1185.0,1620.0,1.3670886075949367,8.2,53.0,12.0,0.0,3.0,"{'bowled': 2, 'caught': 7, 'run out': 1}"
9,Andries Gous,United States of America,Batter,24.0,3.0,752.0,538.0,250.66666666666666,139.78,1.0,0.0,65.0,41.0,81.0,0.0,0.0,0.0,0.0,0.0,0.0,6.0,1.0,1.0,"{'bowled': 3, 'caught': 16, 'caught and bowled': 1, 'lbw': 3}"
10,Akeal Hosein,West Indies,Bowler,36.0,2.0,293.0,268.0,146.5,109.33,0.0,0.0,18.0,15.0,44.0,1813.0,1813.0,2163.0,1.193050193050193,7.16,82.0,16.0,0.0,0.0,"{'bowled': 3, 'caught': 10, 'caught and bowled': 2, 'lbw': 1, 'run out': 4}"
11,John Turner,England,Bowler,14.0,2.0,110.0,133.0,55.0,82.71,0.0,0.0,4.0,2.0,24.0,83.0,83.0,83.0,1.0,6.0,6.0,7.0,0.0,0.0,"{'bowled': 1, 'caught': 6, 'run out': 1, 'stumped': 1}"
12,Aiden Markram,South Africa,All-rounder,57.0,2.0,1444.0,1016.0,722.0,142.13,1.0,0.0,128.0,63.0,70.0,380.0,380.0,523.0,1.3763157894736842,8.26,33.0,38.0,0.0,1.0,"{'bowled': 11, 'caught': 35, 'lbw': 3, 'stumped': 1}"
13,Kusal Perera,Sri Lanka,Batter,5.0,2.0,59.0,68.0,29.5,86.76,0.0,0.0,5.0,1.0,16.0,6.0,6.0,17.0,2.8333333333333335,17.0,1.0,1.0,0.0,0.0,"{'bowled': 2, 'caught': 2, 'run out': 1}"
14,Aaron Hardie,Australia,Bowler,11.0,2.0,180.0,149.0,90.0,120.81,0.0,0.0,19.0,5.0,28.0,253.0,253.0,353.0,1.3952569169960474,8.37,13.0,9.0,0.0,0.0,"{'bowled': 2, 'caught': 6}"
15,Axar Patel,India,All-rounder,49.0,2.0,625.0,484.0,312.5,129.13,1.0,0.0,45.0,26.0,65.0,1389.0,1389.0,1715.0,1.2347012239020878,7.41,73.0,23.0,0.0,1.0,"{'bowled': 2, 'caught': 23, 'caught and bowled': 1, 'run out': 5}"
16,Alpesh Ramjani,Uganda,All-rounder,40.0,2.0,745.0,583.0,372.5,127.79,1.0,0.0,61.0,26.0,78.0,1224.0,1224.0,975.0,0.7965686274509803,4.78,56.0,14.0,0.0,1.0,"{'bowled': 3, 'caught': 21, 'lbw': 5, 'run out': 2}"
17,Alzarri Joseph,West Indies,Bowler,19.0,2.0,129.0,130.0,64.5,99.23,0.0,0.0,9.0,5.0,21.0,1025.0,1025.0,1541.0,1.5034146341463415,9.02,43.0,12.0,0.0,1.0,"{'bowled': 4, 'caught': 3, 'caught and bowled': 1}"
18,Teja Nidamanuru,Netherlands,Bowler,19.0,2.0,244.0,232.0,122.0,105.17,0.0,0.0,10.0,13.0,36.0,24.0,24.0,30.0,1.25,7.5,1.0,5.0,0.0,0.0,"{'bowled': 6, 'caught': 10, 'lbw': 1, 'run out': 2}"
19,Adil Rashid,England,Bowler,37.0,2.0,155.0,185.0,77.5,83.78,0.0,0.0,12.0,1.0,22.0,2778.0,2778.0,3473.0,1.250179985601152,7.5,125.0,29.0,0.0,1.0,"{'bowled': 7, 'caught': 9, 'run out': 5}"
20,Ackeem Auguste,West Indies,Batter,7.0,2.0,156.0,116.0,78.0,134.48,1.0,0.0,9.0,11.0,50.0,0.0,0.0,0.0,0.0,0.0,0.0,3.0,0.0,0.0,"{'bowled': 1, 'caught': 4, 'run out': 1}"
21,Aaron Johnson,Canada,All-rounder,42.0,3.0,767.0,697.0,255.66666666666666,110.04,1.0,0.0,40.0,39.0,94.0,117.0,117.0,139.0,1.188034188034188,7.13,11.0,11.0,0.0,0.0,"{'bowled': 4, 'caught': 22, 'lbw': 3, 'run out': 4, 'stumped': 1}"
22,Aaron Jones,United States of America,All-rounder,42.0,3.0,767.0,697.0,255.66666666666666,110.04,1.0,0.0,40.0,39.0,94.0,117.0,117.0,139.0,1.188034188034188,7.13,11.0,11.0,0.0,0.0,"{'bowled': 4, 'caught': 22, 'lbw': 3, 'run out': 4, 'stumped': 1}"
23,Aasif Sheikh,Nepal,Batter,65.0,2.0,1628.0,1404.0,814.0,115.95,1.0,0.0,150.0,64.0,69.0,0.0,0.0,0.0,0.0,0.0,0.0,35.0,15.0,0.0,"{'bowled': 10, 'caught': 34, 'caught and bowled': 6, 'lbw': 9, 'run out': 1, 'stumped': 2}"
24,Abbas Afridi,Pakistan,Bowler,15.0,2.0,135.0,119.0,67.5,113.45,0.0,0.0,10.0,10.0,22.0,438.0,438.0,602.0,1.3744292237442923,8.25,23.0,5.0,0.0,0.0,"{'bowled': 1, 'caught': 8, 'lbw': 1, 'run out': 1}"
25,Abdul Samad,Pakistan,Bowler,8.0,2.0,84.0,88.0,42.0,95.45,0.0,0.0,5.0,3.0,44.0,157.0,157.0,119.0,0.7579617834394905,4.55,10.0,2.0,0.0,0.0,"{'caught': 3, 'stumped': 1}"
26,Abhishek Sharma,India,All-rounder,28.0,2.0,1012.0,551.0,506.0,183.67,0.0,1.0,96.0,66.0,135.0,134.0,134.0,183.0,1.3656716417910448,8.19,13.0,12.0,0.0,0.0,"{'bowled': 1, 'caught': 21, 'lbw': 2, 'run out': 2, 'stumped': 1}"
27,Abrar Ahmed,Pakistan,Bowler,4.0,2.0,4.0,12.0,2.0,33.33,0.0,0.0,0.0,0.0,2.0,512.0,512.0,587.0,1.146484375,6.88,23.0,6.0,0.0,0.0,{'caught': 1}
28,Afif Hossain,Bangladesh,All-rounder,58.0,2.0,1031.0,888.0,515.5,116.1,1.0,0.0,79.0,36.0,77.0,193.0,193.0,252.0,1.305699481865285,7.83,21.0,16.0,0.0,1.0,"{'bowled': 10, 'caught': 30, 'caught and bowled': 1, 'lbw': 1, 'run out': 5, 'stumped': 2}"
29,Agha Salman,Pakistan,Bowler,29.0,2.0,499.0,472.0,249.5,105.72,1.0,0.0,45.0,10.0,56.0,99.0,99.0,132.0,1.3333333333333333,8.0,11.0,12.0,0.0,1.0,"{'caught': 18, 'lbw': 5, 'run out': 1}"
30,Ahmed Daniyal,Pakistan,Bowler,1.0,1.0,17.0,11.0,17.0,154.55,0.0,0.0,3.0,0.0,17.0,44.0,44.0,40.0,0.9090909090909091,5.45,2.0,1.0,0.0,0.0,{'caught': 1}
31,Alex Carey,Australia,Bowler,2.0,1.0,12.0,23.0,12.0,52.17,0.0,0.0,0.0,0.0,6.0,19.0,19.0,12.0,0.631578947368421,3.79,1.0,0.0,0.0,0.0,{'run out': 1}
32,Hasan Ali,Pakistan,Bowler,1.0,1.0,10.0,7.0,10.0,142.86,0.0,0.0,0.0,1.0,10.0,96.0,96.0,75.0,0.78125,4.69,5.0,1.0,0.0,0.0,{}
33,Ali Khan,United States of America,Bowler,5.0,2.0,15.0,12.0,7.5,125.0,0.0,0.0,1.0,1.0,14.0,401.0,401.0,568.0,1.4164588528678304,8.5,17.0,2.0,0.0,0.0,"{'bowled': 1, 'caught': 1}"
34,Aqib Ilyas,Oman,All-rounder,46.0,4.0,1181.0,998.0,295.25,118.34,1.0,0.0,108.0,41.0,67.0,702.0,702.0,708.0,1.0085470085470085,6.05,35.0,15.0,0.0,1.0,"{'bowled': 1, 'caught': 28, 'lbw': 7, 'run out': 4}"
35,Arafat Minhas,Pakistan,Bowler,2.0,1.0,47.0,43.0,47.0,109.3,0.0,0.0,4.0,2.0,25.0,56.0,56.0,56.0,1.0,6.0,3.0,1.0,0.0,0.0,{'caught': 1}
36,Arshdeep Singh,India,Bowler,20.0,2.0,70.0,66.0,35.0,106.06,0.0,0.0,6.0,3.0,12.0,1387.0,1387.0,1879.0,1.3547224224945926,8.13,62.0,15.0,0.0,0.0,"{'bowled': 1, 'caught': 4, 'run out': 5}"
37,Avesh Khan,India,Bowler,5.0,2.0,27.0,20.0,13.5,135.0,0.0,0.0,3.0,1.0,16.0,497.0,497.0,720.0,1.448692152917505,8.69,23.0,9.0,0.0,0.0,"{'bowled': 1, 'caught': 1}"
38,Ayaan Khan,Oman,All-rounder,34.0,2.0,540.0,531.0,270.0,101.69,1.0,0.0,33.0,16.0,53.0,290.0,290.0,389.0,1.3413793103448275,8.05,26.0,22.0,0.0,3.0,"{'bowled': 7, 'caught': 18, 'run out': 1, 'stumped': 3}"
39,Brad Evans,Zimbabwe,Bowler,7.0,2.0,43.0,46.0,21.5,93.48,0.0,0.0,1.0,1.0,19.0,348.0,348.0,442.0,1.2701149425287357,7.62,18.0,7.0,0.0,0.0,"{'bowled': 2, 'caught': 2, 'lbw': 1}"
40,Binura Fernando,Sri Lanka,Bowler,7.0,2.0,43.0,49.0,21.5,87.76,0.0,0.0,3.0,1.0,20.0,497.0,497.0,666.0,1.340040241448692,8.04,23.0,1.0,0.0,1.0,"{'bowled': 1, 'caught': 1, 'stumped': 1}"
41,Brian Masaba,Uganda,Bowler,34.0,2.0,366.0,385.0,183.0,95.06,0.0,0.0,37.0,6.0,37.0,368.0,368.0,338.0,0.9184782608695652,5.51,22.0,26.0,0.0,2.0,"{'bowled': 2, 'caught': 12, 'lbw': 5, 'run out': 3}"
42,Blessing Muzarabani,Zimbabwe,Bowler,21.0,2.0,48.0,66.0,24.0,72.73,0.0,0.0,6.0,1.0,9.0,1554.0,1554.0,1784.0,1.148005148005148,6.89,69.0,10.0,0.0,1.0,"{'bowled': 6, 'caught': 2, 'lbw': 3, 'stumped': 1}"
43,Ben Shikongo,Namibia,Bowler,3.0,2.0,1.0,6.0,0.5,16.67,0.0,0.0,0.0,0.0,1.0,674.0,674.0,731.0,1.0845697329376855,6.51,40.0,11.0,0.0,0.0,{'caught': 2}
44,Ben White,Ireland,Bowler,7.0,2.0,21.0,42.0,10.5,50.0,0.0,0.0,1.0,0.0,7.0,645.0,645.0,908.0,1.407751937984496,8.45,32.0,6.0,0.0,0.0,{}
45,Brydon Carse,England,Bowler,8.0,2.0,46.0,37.0,23.0,124.32,0.0,0.0,2.0,3.0,31.0,283.0,283.0,417.0,1.4734982332155477,8.84,13.0,7.0,0.0,0.0,"{'caught': 4, 'run out': 1}"
46,Brandon King,West Indies,Batter,67.0,2.0,1680.0,1283.0,840.0,130.94,1.0,0.0,180.0,75.0,85.0,0.0,0.0,0.0,0.0,0.0,0.0,26.0,0.0,0.0,"{'bowled': 12, 'caught': 40, 'caught and bowled': 2, 'lbw': 4, 'retired hurt': 1, 'stumped': 4}"
47,Bjorn Fortuin,South Africa,Bowler,16.0,2.0,127.0,118.0,63.5,107.63,0.0,0.0,14.0,2.0,32.0,494.0,494.0,657.0,1.3299595141700404,7.98,27.0,4.0,0.0,0.0,"{'bowled': 3, 'caught': 6, 'run out': 1}"
48,Benjamin Calitz,Ireland,Batter,1.0,1.0,22.0,18.0,22.0,122.22,0.0,0.0,1.0,1.0,22.0,0.0,0.0,0.0,0.0,0.0,0.0,0.0,0.0,0.0,{'caught': 1}
49,Bas de Leede,Netherlands,All-rounder,38.0,2.0,723.0,729.0,361.5,99.18,1.0,0.0,52.0,18.0,91.0,608.0,608.0,774.0,1.2730263157894737,7.64,34.0,21.0,0.0,1.0,"{'bowled': 6, 'caught': 15, 'lbw': 5, 'retired hurt': 1, 'run out': 1, 'stumped': 2}"
50,Brian Bennett,Zimbabwe,All-rounder,45.0,2.0,1353.0,924.0,676.5,146.43,0.0,1.0,154.0,47.0,111.0,109.0,109.0,146.0,1.3394495412844036,8.04,12.0,15.0,0.0,1.0,"{'bowled': 10, 'caught': 26, 'caught and bowled': 3, 'lbw': 1, 'run out': 2, 'stumped': 1}"
51,Ben Dwarshuis,Australia,Bowler,9.0,2.0,50.0,68.0,25.0,73.53,0.0,0.0,2.0,1.0,17.0,302.0,302.0,466.0,1.5430463576158941,9.26,13.0,1.0,0.0,0.0,"{'bowled': 5, 'caught': 2}"
52,Bevon Jacobs,New Zealand,Batter,3.0,1.0,64.0,60.0,64.0,106.67,0.0,0.0,2.0,3.0,44.0,0.0,0.0,0.0,0.0,0.0,0.0,2.0,0.0,0.0,"{'caught': 1, 'run out': 1}"
53,Barry McCarthy,Ireland,Bowler,31.0,2.0,278.0,237.0,139.0,117.3,1.0,0.0,19.0,15.0,51.0,1103.0,1103.0,1529.0,1.386219401631913,8.32,48.0,8.0,0.0,1.0,"{'bowled': 4, 'caught': 11, 'caught and bowled': 1, 'lbw': 1, 'run out': 2}"
54,Kusal Mendis,Sri Lanka,Batter,83.0,4.0,2014.0,1592.0,503.5,126.51,1.0,0.0,172.0,84.0,86.0,0.0,0.0,0.0,0.0,0.0,0.0,37.0,14.0,5.0,"{'bowled': 9, 'caught': 56, 'caught and bowled': 2, 'hit wicket': 1, 'lbw': 8, 'run out': 4}"
55,Ben Duckett,England,Batter,20.0,2.0,527.0,353.0,263.5,149.29,1.0,0.0,69.0,8.0,84.0,0.0,0.0,0.0,0.0,0.0,0.0,12.0,0.0,0.0,"{'bowled': 4, 'caught': 11, 'lbw': 2, 'run out': 1}"
56,Bernard Scholtz,Namibia,Bowler,18.0,2.0,67.0,73.0,33.5,91.78,0.0,0.0,6.0,0.0,9.0,1513.0,1513.0,1557.0,1.029081295439524,6.17,72.0,15.0,0.0,0.0,"{'bowled': 2, 'caught': 2, 'run out': 2}"
57,Brad Wheal,Scotland,Bowler,5.0,2.0,18.0,19.0,9.0,94.74,0.0,0.0,1.0,0.0,8.0,447.0,447.0,641.0,1.4340044742729305,8.6,21.0,6.0,0.0,0.0,{'caught': 1}
58,Ben Sears,New Zealand,Bowler,7.0,2.0,21.0,29.0,10.5,72.41,0.0,0.0,2.0,0.0,7.0,407.0,407.0,584.0,1.434889434889435,8.61,19.0,3.0,0.0,0.0,"{'bowled': 1, 'caught': 1, 'run out': 1}"
59,Babar Azam,Pakistan,Batter,122.0,2.0,4251.0,3389.0,2125.5,125.44,0.0,1.0,453.0,73.0,122.0,0.0,0.0,0.0,0.0,0.0,0.0,51.0,0.0,0.0,"{'bowled': 14, 'caught': 74, 'caught and bowled': 2, 'lbw': 7, 'run out': 6, 'stumped': 3}"
60,Bilal Hassan,Uganda,Bowler,13.0,2.0,64.0,65.0,32.0,98.46,0.0,0.0,6.0,2.0,20.0,734.0,734.0,838.0,1.1416893732970028,6.85,35.0,5.0,0.0,1.0,"{'bowled': 3, 'caught': 2, 'caught and bowled': 1, 'lbw': 1, 'run out': 1}"
61,Bilal Khan,Oman,Bowler,18.0,2.0,27.0,50.0,13.5,54.0,0.0,0.0,1.0,0.0,6.0,1524.0,1524.0,1738.0,1.1404199475065617,6.84,68.0,8.0,0.0,0.0,"{'bowled': 2, 'caught': 1, 'run out': 3}"
62,Corbin Bosch,South Africa,Bowler,9.0,2.0,85.0,75.0,42.5,113.33,0.0,0.0,7.0,1.0,30.0,238.0,238.0,295.0,1.2394957983193278,7.44,11.0,3.0,0.0,1.0,"{'bowled': 2, 'caught': 3, 'lbw': 1}"
63,Curtis Campher,Ireland,All-rounder,48.0,2.0,877.0,708.0,438.5,123.87,1.0,0.0,68.0,27.0,72.0,753.0,753.0,1014.0,1.346613545816733,8.08,46.0,28.0,0.0,2.0,"{'bowled': 10, 'caught': 25, 'caught and bowled': 1, 'lbw': 2, 'run out': 1, 'stumped': 1}"
64,Cooper Connolly,Australia,Bowler,2.0,1.0,13.0,10.0,13.0,130.0,0.0,0.0,1.0,1.0,13.0,51.0,51.0,79.0,1.5490196078431373,9.29,4.0,1.0,0.0,0.0,{'caught': 2}
65,Cameron Green,Australia,All-rounder,19.0,2.0,518.0,343.0,259.0,151.02,1.0,0.0,42.0,31.0,62.0,186.0,186.0,269.0,1.446236559139785,8.68,11.0,16.0,0.0,0.0,"{'bowled': 3, 'caught': 10, 'caught and bowled': 1, 'run out': 1}"
66,Chamika Karunaratne,Sri Lanka,Bowler,33.0,2.0,272.0,266.0,136.0,102.26,0.0,0.0,13.0,11.0,24.0,720.0,720.0,948.0,1.3166666666666667,7.9,40.0,12.0,0.0,0.0,"{'bowled': 3, 'caught': 10, 'caught and bowled': 2, 'lbw': 1, 'run out': 2}"
67,Cosmas Kyewuta,Uganda,Bowler,20.0,2.0,120.0,111.0,60.0,108.11,0.0,0.0,9.0,4.0,24.0,886.0,886.0,965.0,1.0891647855530473,6.53,42.0,6.0,0.0,1.0,"{'bowled': 2, 'caught': 5, 'lbw': 1, 'run out': 1}"
68,Clive Madande,Zimbabwe,Batter,35.0,2.0,573.0,499.0,286.5,114.83,1.0,0.0,45.0,19.0,53.0,0.0,0.0,0.0,0.0,0.0,0.0,22.0,1.0,1.0,"{'bowled': 6, 'caught': 13, 'caught and bowled': 1, 'lbw': 3, 'run out': 1, 'stumped': 2}"
69,Chamindu Wickramasinghe,Sri Lanka,Bowler,3.0,2.0,14.0,11.0,7.0,127.27,0.0,0.0,2.0,0.0,6.0,43.0,43.0,55.0,1.2790697674418605,7.67,3.0,2.0,0.0,0.0,{}
70,Craig Young,Ireland,Bowler,20.0,2.0,70.0,97.0,35.0,72.16,0.0,0.0,5.0,2.0,22.0,1299.0,1299.0,1737.0,1.3371824480369514,8.02,61.0,9.0,0.0,0.0,"{'bowled': 1, 'caught': 7, 'lbw': 1, 'run out': 1}"
71,Chris Sole,Scotland,Bowler,7.0,2.0,21.0,25.0,10.5,84.0,0.0,0.0,2.0,0.0,6.0,355.0,355.0,553.0,1.5577464788732394,9.35,16.0,4.0,0.0,0.0,"{'bowled': 2, 'caught': 1}"
72,Corey Anderson,United States of America,All-rounder,34.0,2.0,697.0,576.0,348.5,121.01,1.0,0.0,40.0,35.0,94.0,445.0,445.0,602.0,1.3528089887640449,8.12,27.0,19.0,0.0,1.0,"{'bowled': 7, 'caught': 18, 'caught and bowled': 1, 'lbw': 1, 'run out': 1}"
73,Jordan Cox,England,Bowler,51.0,2.0,424.0,332.0,212.0,127.71,0.0,0.0,29.0,21.0,36.0,2034.0,2034.0,2881.0,1.4164208456243854,8.5,92.0,47.0,0.0,2.0,"{'bowled': 2, 'caught': 21, 'caught and bowled': 1, 'lbw': 2, 'run out': 4, 'stumped': 1}"
74,Chris Greaves,Scotland,Bowler,25.0,2.0,278.0,270.0,139.0,102.96,0.0,0.0,22.0,7.0,45.0,470.0,470.0,588.0,1.251063829787234,7.51,28.0,13.0,0.0,0.0,"{'bowled': 2, 'caught': 8, 'caught and bowled': 1, 'run out': 2, 'stumped': 1}"
75,Calum MacLeod,Scotland,All-rounder,48.0,2.0,930.0,861.0,465.0,108.01,1.0,0.0,83.0,15.0,74.0,141.0,141.0,184.0,1.3049645390070923,7.83,12.0,30.0,0.0,3.0,"{'bowled': 11, 'caught': 18, 'caught and bowled': 2, 'hit wicket': 1, 'lbw': 4, 'run out': 4}"
76,Varun Chakravarthy,India,Bowler,5.0,2.0,2.0,8.0,1.0,25.0,0.0,0.0,0.0,0.0,1.0,620.0,620.0,717.0,1.1564516129032258,6.94,27.0,6.0,0.0,0.0,{'caught': 2}
77,Dewald Brevis,South Africa,Batter,15.0,2.0,400.0,234.0,200.0,170.94,0.0,1.0,20.0,35.0,125.0,0.0,0.0,0.0,0.0,0.0,0.0,7.0,0.0,0.0,"{'bowled': 1, 'caught': 12}"
78,Donovan Ferreira,South Africa,Bowler,11.0,2.0,185.0,120.0,92.5,154.17,0.0,0.0,10.0,13.0,48.0,79.0,79.0,106.0,1.3417721518987342,8.05,4.0,7.0,0.0,0.0,"{'bowled': 3, 'caught': 5, 'run out': 1, 'stumped': 1}"
79,Dillon Heyliger,Canada,Bowler,33.0,3.0,361.0,225.0,120.33333333333333,160.44,0.0,0.0,24.0,24.0,30.0,964.0,964.0,1168.0,1.2116182572614107,7.27,51.0,9.0,0.0,1.0,"{'bowled': 2, 'caught': 9, 'run out': 3, 'stumped': 1}"
80,Dion Myers,Zimbabwe,All-rounder,24.0,2.0,502.0,392.0,251.0,128.06,1.0,0.0,46.0,15.0,96.0,50.0,50.0,98.0,1.96,11.76,4.0,7.0,0.0,0.0,"{'bowled': 8, 'caught': 10, 'caught and bowled': 2, 'lbw': 1}"
81,David Wiese,Namibia,All-rounder,37.0,3.0,601.0,468.0,200.33333333333334,128.42,1.0,0.0,33.0,31.0,66.0,1050.0,1050.0,1212.0,1.1542857142857144,6.93,51.0,16.0,0.0,4.0,"{'bowled': 4, 'caught': 16, 'lbw': 3, 'run out': 1}"
82,David Miller,South Africa,Batter,113.0,3.0,2585.0,1904.0,861.6666666666666,135.77,0.0,1.0,167.0,130.0,106.0,0.0,0.0,0.0,0.0,0.0,0.0,82.0,1.0,5.0,"{'bowled': 12, 'caught': 53, 'caught and bowled': 3, 'lbw': 4, 'run out': 4, 'stumped': 1}"
83,Gareth Delany,Ireland,Bowler,1.0,1.0,0.0,1.0,0.0,0.0,0.0,0.0,0.0,0.0,0.0,156.0,156.0,200.0,1.2820512820512822,7.69,7.0,0.0,0.0,0.0,{'lbw': 1}
84,Mitchell Hay,New Zealand,All-rounder,78.0,3.0,1653.0,1227.0,551.0,134.72,1.0,0.0,110.0,63.0,72.0,107.0,107.0,174.0,1.6261682242990654,9.76,12.0,48.0,0.0,0.0,"{'bowled': 8, 'caught': 43, 'caught and bowled': 1, 'lbw': 2, 'run out': 4, 'stumped': 2}"
85,Daryl Mitchell,New Zealand,All-rounder,78.0,3.0,1653.0,1227.0,551.0,134.72,1.0,0.0,110.0,63.0,72.0,107.0,107.0,174.0,1.6261682242990654,9.76,12.0,48.0,0.0,0.0,"{'bowled': 8, 'caught': 43, 'caught and bowled': 1, 'lbw': 2, 'run out': 4, 'stumped': 2}"
86,Dinesh Nakrani,Uganda,All-rounder,64.0,2.0,1088.0,883.0,544.0,123.22,1.0,0.0,66.0,67.0,77.0,1451.0,1451.0,1381.0,0.9517574086836664,5.71,70.0,15.0,0.0,1.0,"{'bowled': 7, 'caught': 28, 'caught and bowled': 2, 'lbw': 2, 'run out': 2, 'stumped': 1}"
87,Dunith Wellalage,Sri Lanka,Bowler,2.0,1.0,12.0,16.0,12.0,75.0,0.0,0.0,1.0,1.0,11.0,119.0,119.0,137.0,1.1512605042016806,6.91,5.0,3.0,0.0,0.0,{'caught': 1}
88,Devon Conway,New Zealand,Batter,53.0,2.0,1584.0,1270.0,792.0,124.72,1.0,0.0,153.0,43.0,99.0,0.0,0.0,0.0,0.0,0.0,0.0,36.0,6.0,0.0,"{'bowled': 5, 'caught': 31, 'caught and bowled': 1, 'lbw': 2, 'run out': 4, 'stumped': 1}"
89,Dan Mousley,England,Bowler,1.0,1.0,8.0,6.0,8.0,133.33,0.0,0.0,0.0,1.0,8.0,55.0,55.0,83.0,1.509090909090909,9.05,4.0,4.0,0.0,0.0,{'caught': 1}
90,Dipendra Singh Airee,Nepal,All-rounder,75.0,3.0,1919.0,1401.0,639.6666666666666,136.97,0.0,1.0,139.0,82.0,110.0,1093.0,1093.0,1111.0,1.0164684354986275,6.1,62.0,36.0,0.0,9.0,"{'bowled': 5, 'caught': 36, 'caught and bowled': 1, 'lbw': 10, 'run out': 2, 'stumped': 4}"
91,Dilpreet Bajwa,Canada,Bowler,16.0,2.0,385.0,296.0,192.5,130.07,1.0,0.0,37.0,13.0,56.0,21.0,21.0,33.0,1.5714285714285714,9.43,2.0,5.0,0.0,0.0,"{'bowled': 4, 'caught': 4, 'caught and bowled': 1, 'lbw': 1, 'run out': 3}"
92,Dhruv Jurel,India,Batter,3.0,1.0,12.0,23.0,12.0,52.17,0.0,0.0,1.0,0.0,6.0,0.0,0.0,0.0,0.0,0.0,0.0,7.0,1.0,1.0,{'caught': 3}
93,Fionn Hand,Ireland,Bowler,8.0,2.0,27.0,29.0,13.5,93.1,0.0,0.0,4.0,0.0,9.0,153.0,153.0,236.0,1.542483660130719,9.25,11.0,2.0,0.0,0.0,"{'bowled': 2, 'caught': 1, 'caught and bowled': 1, 'lbw': 1}"
94,Frank Nsubuga,Uganda,Bowler,21.0,2.0,170.0,162.0,85.0,104.94,0.0,0.0,9.0,10.0,31.0,1298.0,1298.0,1018.0,0.7842835130970724,4.71,63.0,14.0,0.0,1.0,"{'bowled': 6, 'caught': 6, 'run out': 3}"
95,Finn Allen,New Zealand,Bowler,28.0,2.0,293.0,220.0,146.5,133.18,0.0,0.0,20.0,21.0,34.0,612.0,612.0,784.0,1.2810457516339868,7.69,35.0,24.0,0.0,0.0,"{'bowled': 3, 'caught': 10, 'caught and bowled': 1, 'lbw': 4, 'run out': 1, 'stumped': 1}"
96,Fabian Allen,West Indies,Bowler,28.0,2.0,293.0,220.0,146.5,133.18,0.0,0.0,20.0,21.0,34.0,612.0,612.0,784.0,1.2810457516339868,7.69,35.0,24.0,0.0,0.0,"{'bowled': 3, 'caught': 10, 'caught and bowled': 1, 'lbw': 4, 'run out': 1, 'stumped': 1}"
97,Fred Klaassen,Netherlands,Bowler,14.0,2.0,45.0,54.0,22.5,83.33,0.0,0.0,2.0,0.0,13.0,850.0,850.0,1055.0,1.2411764705882353,7.45,38.0,15.0,0.0,1.0,"{'bowled': 3, 'caught': 1, 'lbw': 2, 'run out': 4}"
98,Faheem Ashraf,Pakistan,Bowler,48.0,2.0,480.0,363.0,240.0,132.23,1.0,0.0,29.0,28.0,51.0,1074.0,1074.0,1383.0,1.2877094972067038,7.73,63.0,18.0,0.0,0.0,"{'bowled': 3, 'caught': 27, 'caught and bowled': 2, 'lbw': 1, 'run out': 2}"
99,Fakhar Zaman,Pakistan,Batter,96.0,2.0,2178.0,1693.0,1089.0,128.65,1.0,0.0,207.0,84.0,91.0,6.0,6.0,12.0,2.0,12.0,1.0,52.0,0.0,0.0,"{'bowled': 12, 'caught': 67, 'caught and bowled': 1, 'lbw': 4, 'run out': 5, 'stumped': 2}"
100,Fayyaz Butt,Oman,Bowler,19.0,2.0,147.0,149.0,73.5,98.66,0.0,0.0,11.0,4.0,25.0,856.0,856.0,1086.0,1.2686915887850467,7.61,42.0,6.0,0.0,0.0,"{'bowled': 2, 'caught': 5, 'run out': 3, 'stumped': 1}"
101,Gerald Coetzee,South Africa,Bowler,12.0,2.0,110.0,86.0,55.0,127.91,0.0,0.0,8.0,6.0,23.0,294.0,294.0,462.0,1.5714285714285714,9.43,13.0,2.0,0.0,0.0,"{'caught': 9, 'run out': 1}"
102,Gudakesh Motie,West Indies,Bowler,20.0,2.0,166.0,138.0,83.0,120.29,0.0,0.0,11.0,11.0,33.0,732.0,732.0,978.0,1.3360655737704918,8.02,37.0,10.0,0.0,0.0,"{'bowled': 1, 'caught': 9, 'run out': 2, 'stumped': 1}"
103,Glenn Phillips,New Zealand,All-rounder,73.0,2.0,1911.0,1383.0,955.5,138.18,0.0,1.0,136.0,91.0,108.0,133.0,133.0,160.0,1.2030075187969924,7.22,13.0,50.0,2.0,1.0,"{'bowled': 14, 'caught': 38, 'caught and bowled': 3, 'lbw': 5, 'run out': 1}"
104,George Linde,South Africa,Bowler,20.0,2.0,270.0,206.0,135.0,131.07,0.0,0.0,17.0,14.0,48.0,480.0,480.0,581.0,1.2104166666666667,7.26,25.0,8.0,0.0,0.0,"{'bowled': 5, 'caught': 9, 'lbw': 2, 'run out': 1}"
105,GH Dockrell,Ireland,All-rounder,76.0,2.0,935.0,729.0,467.5,128.26,1.0,0.0,67.0,36.0,53.0,1223.0,1223.0,1414.0,1.1561733442354865,6.94,71.0,46.0,0.0,1.0,"{'bowled': 14, 'caught': 29, 'caught and bowled': 3, 'lbw': 2, 'run out': 5}"
106,Graham Hume,Ireland,Bowler,4.0,2.0,37.0,30.0,18.5,123.33,0.0,0.0,2.0,2.0,20.0,174.0,174.0,262.0,1.5057471264367817,9.03,9.0,1.0,0.0,0.0,{'lbw': 1}
107,Glenn Maxwell,Australia,All-rounder,111.0,3.0,2723.0,1829.0,907.6666666666666,148.88,0.0,1.0,228.0,143.0,145.0,1095.0,1095.0,1491.0,1.3616438356164384,8.17,82.0,60.0,0.0,2.0,"{'bowled': 18, 'caught': 68, 'lbw': 5, 'run out': 3, 'stumped': 2}"
108,Ross Adair,Ireland,Batter,13.0,2.0,375.0,277.0,187.5,135.38,0.0,1.0,31.0,24.0,100.0,0.0,0.0,0.0,0.0,0.0,0.0,8.0,0.0,0.0,"{'bowled': 6, 'caught': 7}"
109,Gavin Main,Scotland,Bowler,3.0,2.0,12.0,17.0,6.0,70.59,0.0,0.0,2.0,0.0,12.0,263.0,263.0,355.0,1.349809885931559,8.1,14.0,3.0,0.0,0.0,{'lbw': 1}
110,Gajanand Singh,United States of America,Bowler,10.0,2.0,44.0,47.0,22.0,93.62,0.0,0.0,4.0,1.0,13.0,302.0,302.0,408.0,1.3509933774834437,8.11,17.0,9.0,0.0,0.0,"{'bowled': 1, 'caught': 2, 'run out': 2}"
111,Gulshan Jha,Nepal,All-rounder,38.0,3.0,595.0,435.0,198.33333333333334,136.78,1.0,0.0,32.0,43.0,55.0,544.0,544.0,639.0,1.1746323529411764,7.05,33.0,16.0,0.0,2.0,"{'bowled': 8, 'caught': 14, 'lbw': 2, 'run out': 4}"
112,Hiri Hiri,Papua New Guinea,Bowler,16.0,2.0,261.0,256.0,130.5,101.95,1.0,0.0,22.0,7.0,53.0,24.0,24.0,13.0,0.5416666666666666,3.25,3.0,8.0,0.0,0.0,"{'bowled': 2, 'caught': 9, 'lbw': 1}"
113,Heinrich Klaasen,South Africa,Batter,53.0,2.0,1000.0,730.0,500.0,136.99,1.0,0.0,72.0,52.0,81.0,6.0,6.0,14.0,2.3333333333333335,14.0,1.0,33.0,5.0,1.0,"{'bowled': 3, 'caught': 36, 'lbw': 3, 'run out': 1}"
114,Henry Ssenyondo,Uganda,Bowler,13.0,2.0,25.0,51.0,12.5,49.02,0.0,0.0,0.0,0.0,5.0,1635.0,1635.0,1484.0,0.9076452599388379,5.45,78.0,6.0,0.0,0.0,"{'bowled': 2, 'caught': 2, 'lbw': 1, 'run out': 1}"
115,Harsh Thaker,Canada,All-rounder,36.0,2.0,646.0,539.0,323.0,119.85,1.0,0.0,35.0,28.0,53.0,715.0,715.0,728.0,1.018181818181818,6.11,39.0,10.0,0.0,0.0,"{'bowled': 6, 'caught': 15, 'caught and bowled': 1, 'lbw': 5, 'run out': 2}"
116,Harry Brook,England,Batter,43.0,2.0,1005.0,683.0,502.5,147.14,1.0,0.0,82.0,46.0,81.0,0.0,0.0,0.0,0.0,0.0,0.0,32.0,0.0,0.0,"{'bowled': 8, 'caught': 22, 'caught and bowled': 1, 'lbw': 1}"
117,Rassie van der Dussen,South Africa,Batter,53.0,3.0,1407.0,1130.0,469.0,124.51,1.0,0.0,89.0,62.0,94.0,0.0,0.0,0.0,0.0,0.0,0.0,23.0,0.0,0.0,"{'bowled': 5, 'caught': 30, 'caught and bowled': 3, 'lbw': 2, 'run out': 2}"
118,George Munsey,Scotland,Batter,74.0,2.0,2212.0,1603.0,1106.0,137.99,0.0,1.0,233.0,102.0,132.0,0.0,0.0,0.0,0.0,0.0,0.0,33.0,0.0,0.0,"{'bowled': 11, 'caught': 43, 'caught and bowled': 3, 'lbw': 9, 'run out': 2, 'stumped': 1}"
119,Hardik Pandya,India,All-rounder,92.0,2.0,1793.0,1332.0,896.5,134.61,1.0,0.0,133.0,92.0,71.0,1978.0,1978.0,2630.0,1.3296258847320526,7.98,106.0,53.0,0.0,1.0,"{'bowled': 6, 'caught': 50, 'caught and bowled': 2, 'hit wicket': 1, 'lbw': 4, 'run out': 4}"
120,Harry Tector,Ireland,All-rounder,68.0,2.0,1308.0,1141.0,654.0,114.64,1.0,0.0,105.0,31.0,64.0,182.0,182.0,196.0,1.0769230769230769,6.46,13.0,47.0,0.0,3.0,"{'bowled': 9, 'caught': 34, 'lbw': 8, 'run out': 4, 'stumped': 3}"
121,Hamza Tahir,Scotland,Bowler,2.0,2.0,3.0,7.0,1.5,42.86,0.0,0.0,0.0,0.0,3.0,351.0,351.0,485.0,1.3817663817663817,8.29,15.0,4.0,0.0,0.0,{'bowled': 1}
122,Haris Rauf,Pakistan,Bowler,28.0,2.0,109.0,111.0,54.5,98.2,0.0,0.0,8.0,5.0,13.0,1983.0,1983.0,2734.0,1.3787191124558749,8.27,88.0,25.0,0.0,0.0,"{'bowled': 3, 'caught': 8, 'run out': 5}"
123,Harmeet Singh,United States of America,Bowler,18.0,3.0,235.0,165.0,78.33333333333333,142.42,0.0,0.0,12.0,15.0,38.0,542.0,542.0,611.0,1.1273062730627306,6.76,24.0,5.0,0.0,0.0,"{'caught': 10, 'caught and bowled': 1, 'lbw': 1, 'run out': 1}"
124,Harshit Rana,India,Bowler,2.0,1.0,48.0,43.0,48.0,111.63,0.0,0.0,3.0,2.0,35.0,80.0,80.0,140.0,1.75,10.5,4.0,2.0,0.0,0.0,{'caught': 1}
125,Hasan Mahmud,Bangladesh,Bowler,9.0,2.0,50.0,52.0,25.0,96.15,0.0,0.0,0.0,4.0,26.0,537.0,537.0,687.0,1.2793296089385475,7.68,25.0,8.0,0.0,0.0,"{'caught': 1, 'run out': 1}"
126,Haseebullah Khan,Pakistan,Batter,3.0,2.0,36.0,30.0,18.0,120.0,0.0,0.0,4.0,1.0,24.0,0.0,0.0,0.0,0.0,0.0,0.0,1.0,0.0,0.0,{'caught': 3}
127,Mehidy Hasan,Bangladesh,Bowler,4.0,2.0,23.0,34.0,11.5,67.65,0.0,0.0,0.0,1.0,9.0,78.0,78.0,101.0,1.294871794871795,7.77,4.0,1.0,0.0,0.0,"{'caught': 1, 'caught and bowled': 1}"
128,Hasan Nawaz,Pakistan,Batter,21.0,2.0,424.0,277.0,212.0,153.07,0.0,1.0,22.0,33.0,105.0,0.0,0.0,0.0,0.0,0.0,0.0,12.0,0.0,0.0,"{'bowled': 1, 'caught': 15, 'caught and bowled': 2, 'lbw': 1}"
129,Hussain Talat,Pakistan,Bowler,22.0,2.0,441.0,401.0,220.5,109.98,1.0,0.0,41.0,5.0,63.0,79.0,79.0,108.0,1.3670886075949367,8.2,7.0,9.0,0.0,0.0,"{'bowled': 3, 'caught': 14, 'run out': 1, 'stumped': 2}"
130,Ish Sodhi,New Zealand,Bowler,38.0,2.0,208.0,208.0,104.0,100.0,0.0,0.0,12.0,10.0,19.0,2687.0,2687.0,3516.0,1.3085225158168963,7.85,123.0,28.0,0.0,0.0,"{'bowled': 6, 'caught': 14, 'caught and bowled': 2, 'lbw': 2, 'run out': 2, 'stumped': 1}"
131,Irfan Khan,Pakistan,Batter,11.0,2.0,189.0,145.0,94.5,130.34,0.0,0.0,20.0,7.0,37.0,0.0,0.0,0.0,0.0,0.0,0.0,8.0,0.0,0.0,"{'caught': 6, 'run out': 1}"
132,Ishan Kishan,India,Batter,32.0,2.0,796.0,669.0,398.0,118.98,1.0,0.0,79.0,36.0,89.0,0.0,0.0,0.0,0.0,0.0,0.0,13.0,3.0,3.0,"{'bowled': 6, 'caught': 22, 'lbw': 2, 'run out': 1}"
133,Jewel Andrew,West Indies,Batter,5.0,1.0,78.0,82.0,78.0,95.12,0.0,0.0,5.0,4.0,35.0,0.0,0.0,0.0,0.0,0.0,0.0,3.0,0.0,0.0,"{'bowled': 1, 'caught': 4}"
134,Johnson Charles,West Indies,Batter,61.0,2.0,1403.0,1136.0,701.5,123.5,0.0,1.0,148.0,67.0,118.0,0.0,0.0,0.0,0.0,0.0,0.0,24.0,2.0,0.0,"{'bowled': 15, 'caught': 34, 'caught and bowled': 2, 'lbw': 6, 'run out': 2, 'stumped': 2}"
135,Jake Fraser-McGurk,Australia,Batter,8.0,2.0,115.0,88.0,57.5,130.68,1.0,0.0,16.0,3.0,50.0,0.0,0.0,0.0,0.0,0.0,0.0,9.0,0.0,0.0,{'caught': 8}
136,Jack Jarvis,Scotland,Bowler,7.0,1.0,60.0,68.0,60.0,88.24,0.0,0.0,4.0,1.0,21.0,141.0,141.0,194.0,1.375886524822695,8.26,8.0,1.0,0.0,0.0,"{'bowled': 1, 'caught': 3, 'lbw': 1, 'stumped': 1}"
137,John Kariko,Papua New Guinea,Bowler,6.0,2.0,14.0,24.0,7.0,58.33,0.0,0.0,0.0,1.0,9.0,412.0,412.0,368.0,0.8932038834951457,5.36,19.0,6.0,0.0,0.0,"{'bowled': 1, 'run out': 2}"
138,Josh Little,Ireland,Bowler,23.0,2.0,123.0,144.0,61.5,85.42,0.0,0.0,10.0,3.0,22.0,1268.0,1268.0,1534.0,1.2097791798107256,7.26,54.0,13.0,0.0,0.0,"{'bowled': 4, 'caught': 2, 'run out': 3}"
139,Janith Liyanage,Sri Lanka,Batter,4.0,2.0,30.0,47.0,15.0,63.83,0.0,0.0,0.0,0.0,11.0,0.0,0.0,0.0,0.0,0.0,0.0,1.0,0.0,0.0,"{'bowled': 1, 'caught': 1, 'run out': 1}"
140,Jamie Overton,England,Bowler,9.0,2.0,54.0,52.0,27.0,103.85,0.0,0.0,4.0,1.0,19.0,205.0,205.0,273.0,1.3317073170731708,7.99,11.0,6.0,0.0,0.0,"{'bowled': 4, 'caught': 2}"
141,Jacob Duffy,New Zealand,Bowler,9.0,2.0,24.0,29.0,12.0,82.76,0.0,0.0,2.0,0.0,8.0,750.0,750.0,887.0,1.1826666666666668,7.1,35.0,12.0,0.0,0.0,{'caught': 4}
142,Jofra Archer,England,Bowler,12.0,2.0,82.0,67.0,41.0,122.39,0.0,0.0,6.0,4.0,21.0,799.0,799.0,1044.0,1.3066332916145182,7.84,35.0,12.0,0.0,0.0,"{'bowled': 2, 'caught': 2, 'lbw': 1, 'run out': 2}"
143,Jos Buttler,England,Batter,128.0,3.0,3831.0,2642.0,1277.0,145.0,0.0,1.0,344.0,172.0,101.0,0.0,0.0,0.0,0.0,0.0,0.0,82.0,15.0,6.0,"{'bowled': 14, 'caught': 77, 'caught and bowled': 1, 'lbw': 7, 'run out': 5, 'stumped': 2}"
144,Jeffrey Vandersay,Sri Lanka,Bowler,7.0,2.0,35.0,42.0,17.5,83.33,0.0,0.0,3.0,1.0,8.0,372.0,372.0,499.0,1.3413978494623655,8.05,17.0,2.0,0.0,0.0,"{'bowled': 1, 'caught': 2}"
145,James Neesham,New Zealand,All-rounder,71.0,3.0,1010.0,720.0,336.6666666666667,140.28,0.0,0.0,77.0,54.0,48.0,886.0,886.0,1283.0,1.4480812641083523,8.69,60.0,42.0,0.0,0.0,"{'bowled': 8, 'caught': 37, 'caught and bowled': 1, 'lbw': 3, 'run out': 2}"
146,Jacob Bethell,England,Bowler,18.0,2.0,392.0,261.0,196.0,150.19,1.0,0.0,27.0,26.0,62.0,69.0,69.0,113.0,1.6376811594202898,9.83,4.0,8.0,0.0,1.0,"{'bowled': 3, 'caught': 9, 'caught and bowled': 1}"
147,Gus Atkinson,England,Batter,24.0,2.0,354.0,312.0,177.0,113.46,1.0,0.0,35.0,11.0,68.0,0.0,0.0,0.0,0.0,0.0,0.0,24.0,1.0,1.0,"{'bowled': 4, 'caught': 9, 'caught and bowled': 1, 'lbw': 4, 'stumped': 2}"
148,Jasprit Bumrah,India,Bowler,5.0,2.0,8.0,16.0,4.0,50.0,0.0,0.0,1.0,0.0,7.0,1699.0,1699.0,1844.0,1.0853443201883461,6.51,75.0,9.0,0.0,1.0,"{'caught': 1, 'run out': 3}"
149,JJ Smit,Namibia,All-rounder,55.0,2.0,1175.0,815.0,587.5,144.17,0.0,1.0,71.0,72.0,111.0,977.0,977.0,1037.0,1.0614124872057318,6.37,45.0,27.0,0.0,0.0,"{'bowled': 5, 'caught': 21, 'caught and bowled': 1, 'lbw': 1, 'run out': 5}"
150,Jamie Smith,England,Batter,5.0,2.0,130.0,68.0,65.0,191.18,1.0,0.0,9.0,10.0,60.0,0.0,0.0,0.0,0.0,0.0,0.0,1.0,0.0,0.0,{'caught': 5}
151,Jitesh Sharma,India,Batter,7.0,2.0,94.0,67.0,47.0,140.3,0.0,0.0,9.0,4.0,35.0,0.0,0.0,0.0,0.0,0.0,0.0,3.0,0.0,0.0,"{'caught': 3, 'caught and bowled': 1, 'hit wicket': 1, 'lbw': 1}"
152,Jan Frylinck,Namibia,All-rounder,53.0,2.0,1033.0,849.0,516.5,121.67,0.0,1.0,89.0,29.0,134.0,958.0,958.0,1097.0,1.1450939457202505,6.87,48.0,27.0,0.0,0.0,"{'bowled': 13, 'caught': 16, 'caught and bowled': 1, 'lbw': 4, 'run out': 2, 'stumped': 4}"
153,Jayden Seals,West Indies,Bowler,1.0,1.0,4.0,2.0,4.0,200.0,0.0,0.0,1.0,0.0,4.0,111.0,111.0,173.0,1.5585585585585586,9.35,5.0,2.0,0.0,0.0,{}
154,Jason Holder,West Indies,All-rounder,58.0,2.0,707.0,534.0,353.5,132.4,0.0,0.0,43.0,45.0,38.0,1834.0,1834.0,2545.0,1.3876772082878952,8.33,78.0,39.0,0.0,0.0,"{'bowled': 7, 'caught': 28, 'caught and bowled': 2, 'lbw': 1, 'run out': 1, 'stumped': 1}"
155,Josh Inglis,Australia,Batter,37.0,2.0,911.0,594.0,455.5,153.37,0.0,1.0,92.0,37.0,110.0,0.0,0.0,0.0,0.0,0.0,0.0,25.0,2.0,1.0,"{'bowled': 7, 'caught': 21, 'caught and bowled': 2, 'lbw': 1, 'run out': 1}"
156,JP Kotze,Namibia,Batter,45.0,2.0,855.0,740.0,427.5,115.54,0.0,1.0,85.0,40.0,101.0,0.0,0.0,0.0,0.0,0.0,0.0,21.0,5.0,1.0,"{'bowled': 7, 'caught': 24, 'caught and bowled': 2, 'lbw': 4, 'run out': 3}"
157,Josh Hazlewood,Australia,Bowler,9.0,2.0,24.0,23.0,12.0,104.35,0.0,0.0,2.0,1.0,13.0,1343.0,1343.0,1659.0,1.2352941176470589,7.41,57.0,10.0,0.0,0.0,"{'bowled': 1, 'caught': 2}"
158,Josh Philippe,Australia,Batter,13.0,2.0,160.0,152.0,80.0,105.26,0.0,0.0,12.0,5.0,45.0,0.0,0.0,0.0,0.0,0.0,0.0,1.0,0.0,1.0,"{'bowled': 4, 'caught': 7, 'lbw': 1, 'stumped': 1}"
159,Jahandad Khan,Pakistan,Bowler,5.0,1.0,29.0,34.0,29.0,85.29,0.0,0.0,0.0,2.0,17.0,111.0,111.0,211.0,1.9009009009009008,11.41,8.0,1.0,0.0,0.0,{'caught': 4}
160,Jaker Ali,Bangladesh,Batter,37.0,2.0,672.0,563.0,336.0,119.36,1.0,0.0,36.0,38.0,72.0,0.0,0.0,0.0,0.0,0.0,0.0,20.0,3.0,0.0,"{'bowled': 6, 'caught': 15, 'lbw': 3, 'run out': 2}"
161,Jessy Singh,United States of America,Bowler,13.0,2.0,91.0,103.0,45.5,88.35,0.0,0.0,2.0,5.0,31.0,665.0,665.0,912.0,1.3714285714285714,8.23,30.0,12.0,0.0,0.0,"{'bowled': 2, 'caught': 5, 'lbw': 1, 'run out': 4}"
162,Kushal Bhurtel,Nepal,All-rounder,67.0,4.0,1791.0,1458.0,447.75,122.84,0.0,1.0,167.0,76.0,104.0,355.0,355.0,384.0,1.0816901408450703,6.49,24.0,38.0,0.0,1.0,"{'bowled': 15, 'caught': 36, 'lbw': 10, 'run out': 1, 'stumped': 1}"
163,Kiplin Doriga,Papua New Guinea,Batter,28.0,2.0,298.0,297.0,149.0,100.34,0.0,0.0,18.0,10.0,46.0,0.0,0.0,0.0,0.0,0.0,0.0,20.0,5.0,0.0,"{'bowled': 6, 'caught': 10, 'lbw': 3, 'run out': 1, 'stumped': 3}"
164,Karima Gore,West Indies,Bowler,3.0,2.0,47.0,32.0,23.5,146.88,0.0,0.0,4.0,2.0,31.0,147.0,147.0,130.0,0.8843537414965986,5.31,8.0,4.0,0.0,0.0,"{'caught': 1, 'lbw': 1}"
165,Kamil Mishara,Sri Lanka,Batter,8.0,2.0,178.0,146.0,89.0,121.92,1.0,0.0,17.0,6.0,73.0,0.0,0.0,0.0,0.0,0.0,0.0,0.0,0.0,1.0,"{'bowled': 2, 'caught': 3, 'run out': 1}"
166,Kagiso Rabada,South Africa,Bowler,25.0,2.0,184.0,165.0,92.0,111.52,0.0,0.0,18.0,6.0,22.0,1536.0,1536.0,2077.0,1.3522135416666667,8.11,68.0,17.0,0.0,1.0,"{'bowled': 4, 'caught': 3, 'lbw': 2, 'run out': 2, 'stumped': 1}"
167,Kenneth Waiswa,Uganda,All-rounder,47.0,2.0,579.0,589.0,289.5,98.3,1.0,0.0,55.0,14.0,66.0,579.0,579.0,679.0,1.1727115716753023,7.04,32.0,27.0,0.0,3.0,"{'bowled': 8, 'caught': 18, 'caught and bowled': 2, 'lbw': 6, 'run out': 3, 'stumped': 1}"
168,Kyle Jamieson,New Zealand,Bowler,7.0,2.0,63.0,48.0,31.5,131.25,0.0,0.0,8.0,0.0,30.0,498.0,498.0,732.0,1.4698795180722892,8.82,22.0,5.0,0.0,0.0,"{'bowled': 1, 'caught': 2, 'lbw': 1, 'run out': 1}"
169,Keshav Maharaj,South Africa,Bowler,15.0,2.0,103.0,117.0,51.5,88.03,0.0,0.0,6.0,5.0,41.0,814.0,814.0,985.0,1.21007371007371,7.26,38.0,13.0,0.0,0.0,"{'bowled': 3, 'caught': 5, 'run out': 1}"
170,Kashyap Prajapati,Oman,Batter,43.0,2.0,816.0,785.0,408.0,103.95,1.0,0.0,80.0,26.0,74.0,8.0,8.0,19.0,2.375,14.25,1.0,20.0,0.0,0.0,"{'bowled': 7, 'caught': 24, 'lbw': 6, 'stumped': 1}"
171,Charith Asalanka,Sri Lanka,All-rounder,62.0,3.0,1316.0,1053.0,438.6666666666667,124.98,1.0,0.0,91.0,65.0,80.0,171.0,171.0,228.0,1.3333333333333333,8.0,14.0,19.0,0.0,1.0,"{'bowled': 6, 'caught': 42, 'caught and bowled': 1, 'lbw': 1, 'run out': 4}"
172,KL Rahul,India,Batter,66.0,3.0,2149.0,1599.0,716.3333333333334,134.4,0.0,1.0,181.0,96.0,110.0,0.0,0.0,0.0,0.0,0.0,0.0,24.0,1.0,1.0,"{'bowled': 12, 'caught': 39, 'caught and bowled': 1, 'hit wicket': 1, 'lbw': 4, 'stumped': 2}"
173,Kyle Mayers,West Indies,All-rounder,39.0,2.0,773.0,592.0,386.5,130.57,1.0,0.0,69.0,51.0,73.0,128.0,128.0,197.0,1.5390625,9.23,14.0,17.0,0.0,2.0,"{'bowled': 4, 'caught': 26, 'caught and bowled': 2, 'lbw': 4, 'run out': 1}"
174,Kwena Maphaka,South Africa,Bowler,6.0,2.0,19.0,24.0,9.5,79.17,0.0,0.0,2.0,0.0,12.0,283.0,283.0,420.0,1.4840989399293287,8.9,12.0,6.0,0.0,0.0,{'caught': 2}
175,Keacy Carty,West Indies,Batter,5.0,2.0,70.0,54.0,35.0,129.63,0.0,0.0,5.0,5.0,49.0,0.0,0.0,0.0,0.0,0.0,0.0,2.0,0.0,0.0,"{'caught': 3, 'run out': 1}"
176,Kabua Morea,Papua New Guinea,Bowler,13.0,2.0,70.0,64.0,35.0,109.38,0.0,0.0,5.0,3.0,16.0,491.0,491.0,594.0,1.209775967413442,7.26,23.0,4.0,0.0,2.0,"{'bowled': 1, 'caught': 4, 'run out': 1, 'stumped': 1}"
177,Kaleem Sana,Canada,Bowler,8.0,2.0,46.0,51.0,23.0,90.2,0.0,0.0,1.0,3.0,13.0,878.0,878.0,866.0,0.9863325740318907,5.92,40.0,9.0,0.0,1.0,"{'bowled': 2, 'caught': 2}"
178,Kaleemullah,Oman,Bowler,19.0,2.0,99.0,105.0,49.5,94.29,0.0,0.0,3.0,6.0,14.0,753.0,753.0,894.0,1.1872509960159363,7.12,39.0,4.0,0.0,0.0,"{'bowled': 2, 'caught': 9, 'lbw': 1, 'run out': 1}"
179,Karan KC,Nepal,Bowler,44.0,2.0,458.0,306.0,229.0,149.67,0.0,0.0,20.0,39.0,45.0,1631.0,1631.0,2095.0,1.2844880441446964,7.71,81.0,23.0,0.0,1.0,"{'bowled': 5, 'caught': 19, 'caught and bowled': 3, 'lbw': 1, 'run out': 2}"
180,Khalid Kail,Oman,Batter,18.0,2.0,294.0,269.0,147.0,109.29,1.0,0.0,22.0,11.0,55.0,0.0,0.0,0.0,0.0,0.0,0.0,1.0,0.0,0.0,"{'bowled': 1, 'caught': 7, 'caught and bowled': 1, 'lbw': 1, 'run out': 2, 'stumped': 2}"
181,Khushdil Shah,Pakistan,Bowler,30.0,2.0,425.0,421.0,212.5,100.95,0.0,0.0,26.0,20.0,36.0,101.0,101.0,117.0,1.1584158415841583,6.95,9.0,11.0,0.0,0.0,"{'caught': 21, 'lbw': 1, 'stumped': 1}"
182,Kuldeep Yadav,India,Bowler,8.0,2.0,47.0,71.0,23.5,66.2,0.0,0.0,2.0,0.0,23.0,1014.0,1014.0,1138.0,1.1222879684418146,6.73,45.0,12.0,0.0,0.0,"{'bowled': 1, 'caught': 3, 'lbw': 1}"
183,Kushal Malla,Nepal,All-rounder,51.0,3.0,965.0,755.0,321.6666666666667,127.81,0.0,1.0,54.0,66.0,137.0,384.0,384.0,399.0,1.0390625,6.23,27.0,16.0,0.0,0.0,"{'bowled': 9, 'caught': 26, 'caught and bowled': 4, 'run out': 3}"
184,Liam McCarthy,Ireland,Bowler,1.0,1.0,16.0,15.0,16.0,106.67,0.0,0.0,1.0,1.0,16.0,26.0,26.0,81.0,3.1153846153846154,18.69,1.0,0.0,0.0,0.0,{}
185,Lungi Ngidi,South Africa,Bowler,15.0,2.0,48.0,57.0,24.0,84.21,0.0,0.0,4.0,1.0,13.0,1103.0,1103.0,1594.0,1.4451495920217587,8.67,52.0,8.0,0.0,1.0,"{'bowled': 1, 'caught': 4}"
186,Lorcan Tucker,Ireland,Batter,58.0,2.0,1201.0,976.0,600.5,123.05,1.0,0.0,112.0,30.0,94.0,0.0,0.0,0.0,0.0,0.0,0.0,48.0,6.0,1.0,"{'bowled': 12, 'caught': 28, 'caught and bowled': 1, 'lbw': 3, 'run out': 5, 'stumped': 1}"
187,Liam Dawson,England,Bowler,5.0,2.0,57.0,37.0,28.5,154.05,0.0,0.0,8.0,2.0,34.0,369.0,369.0,477.0,1.2926829268292683,7.76,19.0,3.0,0.0,0.0,"{'caught': 3, 'run out': 1}"
188,Lizaad Williams,South Africa,Bowler,10.0,2.0,14.0,26.0,7.0,53.85,0.0,0.0,0.0,0.0,5.0,409.0,409.0,634.0,1.550122249388753,9.3,19.0,5.0,0.0,0.0,"{'caught': 3, 'lbw': 2, 'run out': 1}"
189,Dinesh Chandimal,Sri Lanka,Batter,61.0,2.0,1048.0,1032.0,524.0,101.55,1.0,0.0,89.0,21.0,66.0,0.0,0.0,0.0,0.0,0.0,0.0,36.0,6.0,0.0,"{'bowled': 8, 'caught': 32, 'caught and bowled': 2, 'hit wicket': 1, 'lbw': 5, 'run out': 2, 'stumped': 5}"
190,Lhuan-dre Pretorius,South Africa,Batter,12.0,2.0,157.0,139.0,78.5,112.95,1.0,0.0,21.0,3.0,51.0,0.0,0.0,0.0,0.0,0.0,0.0,4.0,0.0,0.0,"{'caught': 9, 'caught and bowled': 1, 'stumped': 2}"
191,Luke Jongwe,Zimbabwe,Bowler,43.0,2.0,483.0,405.0,241.5,119.26,0.0,0.0,42.0,14.0,35.0,981.0,981.0,1339.0,1.36493374108053,8.19,52.0,13.0,0.0,1.0,"{'bowled': 5, 'caught': 15, 'caught and bowled': 1, 'lbw': 4, 'run out': 4}"
192,Lalit Rajbanshi,Nepal,Bowler,5.0,2.0,8.0,17.0,4.0,47.06,0.0,0.0,0.0,0.0,3.0,751.0,751.0,798.0,1.062583222370173,6.38,37.0,6.0,0.0,0.0,{'run out': 2}
193,Liam Livingstone,England,All-rounder,46.0,2.0,926.0,659.0,463.0,140.52,0.0,1.0,51.0,59.0,103.0,595.0,595.0,852.0,1.4319327731092437,8.59,41.0,24.0,0.0,0.0,"{'bowled': 7, 'caught': 25, 'caught and bowled': 2, 'run out': 4}"
194,Logan van Beek,Netherlands,Bowler,20.0,2.0,102.0,129.0,51.0,79.07,0.0,0.0,3.0,1.0,23.0,583.0,583.0,717.0,1.2298456260720412,7.38,29.0,17.0,0.0,0.0,"{'bowled': 3, 'caught': 4, 'caught and bowled': 1, 'run out': 5}"
195,Liton Das,Bangladesh,Batter,104.0,2.0,2355.0,1895.0,1177.5,124.27,1.0,0.0,233.0,73.0,83.0,0.0,0.0,0.0,0.0,0.0,0.0,69.0,13.0,2.0,"{'bowled': 13, 'caught': 64, 'caught and bowled': 4, 'lbw': 12, 'run out': 4, 'stumped': 3}"
196,Luke Wood,England,Bowler,5.0,2.0,82.0,79.0,41.0,103.8,0.0,0.0,4.0,6.0,37.0,102.0,102.0,104.0,1.0196078431372548,6.12,5.0,5.0,0.0,0.0,"{'caught': 4, 'stumped': 1}"
197,Faraz Akram,Zimbabwe,Bowler,7.0,2.0,91.0,67.0,45.5,135.82,0.0,0.0,4.0,6.0,34.0,126.0,126.0,198.0,1.5714285714285714,9.43,8.0,1.0,0.0,0.0,{'caught': 3}
198,Marco Jansen,South Africa,Bowler,14.0,2.0,167.0,116.0,83.5,143.97,1.0,0.0,13.0,11.0,54.0,424.0,424.0,587.0,1.384433962264151,8.31,18.0,12.0,0.0,0.0,"{'bowled': 4, 'caught': 4, 'caught and bowled': 1, 'lbw': 1}"
199,Michael Levitt,Netherlands,All-rounder,25.0,4.0,878.0,628.0,219.5,139.81,0.0,1.0,75.0,48.0,135.0,97.0,97.0,146.0,1.5051546391752577,9.03,7.0,6.0,0.0,1.0,"{'bowled': 6, 'caught': 15, 'caught and bowled': 1, 'stumped': 2}"
200,Matheesha Pathirana,Sri Lanka,Bowler,7.0,2.0,7.0,16.0,3.5,43.75,0.0,0.0,1.0,0.0,6.0,363.0,363.0,480.0,1.322314049586777,7.93,16.0,3.0,0.0,0.0,"{'caught': 3, 'stumped': 1}"
201,Maheesh Theekshana,Sri Lanka,Bowler,27.0,2.0,82.0,134.0,41.0,61.19,0.0,0.0,4.0,2.0,14.0,1466.0,1466.0,1687.0,1.15075034106412,6.9,63.0,12.0,0.0,0.0,"{'bowled': 3, 'caught': 12, 'lbw': 1, 'run out': 1}"
202,Michael van Lingen,Namibia,All-rounder,26.0,2.0,507.0,450.0,253.5,112.67,1.0,0.0,61.0,13.0,67.0,20.0,20.0,38.0,1.9,11.4,3.0,10.0,0.0,0.0,"{'bowled': 7, 'caught': 18, 'stumped': 1}"
203,Michael Leask,Scotland,All-rounder,55.0,2.0,852.0,671.0,426.0,126.97,1.0,0.0,56.0,44.0,58.0,803.0,803.0,1006.0,1.2528019925280198,7.52,49.0,34.0,0.0,1.0,"{'bowled': 13, 'caught': 28, 'lbw': 3, 'run out': 2, 'stumped': 2}"
204,Mark Wood,England,Bowler,7.0,2.0,27.0,28.0,13.5,96.43,0.0,0.0,2.0,0.0,10.0,793.0,793.0,1099.0,1.385876418663304,8.32,36.0,3.0,0.0,0.0,"{'caught': 1, 'run out': 1}"
205,Dushan Hemantha,Sri Lanka,Bowler,2.0,2.0,21.0,19.0,10.5,110.53,0.0,0.0,2.0,0.0,14.0,70.0,70.0,89.0,1.2714285714285714,7.63,3.0,0.0,0.0,0.0,{'run out': 1}
206,Monank Patel,United States of America,Batter,36.0,2.0,920.0,697.0,460.0,131.99,0.0,1.0,100.0,29.0,104.0,0.0,0.0,0.0,0.0,0.0,0.0,21.0,12.0,1.0,"{'bowled': 4, 'caught': 22, 'lbw': 1, 'run out': 4, 'stumped': 2}"
207,Dasun Shanaka,Sri Lanka,All-rounder,97.0,3.0,1595.0,1354.0,531.6666666666666,117.8,1.0,0.0,116.0,80.0,74.0,612.0,612.0,801.0,1.3088235294117647,7.85,56.0,34.0,0.0,3.0,"{'bowled': 12, 'caught': 46, 'caught and bowled': 1, 'lbw': 6, 'run out': 8, 'stumped': 3}"
208,Michael Bracewell,New Zealand,Bowler,29.0,2.0,434.0,343.0,217.0,126.53,1.0,0.0,36.0,17.0,61.0,614.0,614.0,735.0,1.1970684039087949,7.18,36.0,22.0,0.0,0.0,"{'bowled': 4, 'caught': 12, 'lbw': 1, 'run out': 4}"
209,Gerhard Erasmus,Namibia,All-rounder,71.0,3.0,1802.0,1487.0,600.6666666666666,121.18,0.0,1.0,145.0,64.0,100.0,990.0,990.0,964.0,0.9737373737373738,5.84,54.0,38.0,0.0,4.0,"{'bowled': 7, 'caught': 42, 'caught and bowled': 2, 'lbw': 2, 'run out': 1, 'stumped': 1}"
210,Matthew Cross,Scotland,Batter,63.0,2.0,1200.0,1066.0,600.0,112.57,1.0,0.0,107.0,27.0,61.0,0.0,0.0,0.0,0.0,0.0,0.0,46.0,15.0,1.0,"{'bowled': 9, 'caught': 38, 'caught and bowled': 1, 'lbw': 4, 'run out': 1}"
211,Matt Henry,New Zealand,Bowler,7.0,2.0,18.0,21.0,9.0,85.71,0.0,0.0,2.0,0.0,10.0,638.0,638.0,879.0,1.3777429467084639,8.27,28.0,9.0,0.0,1.0,"{'caught': 4, 'caught and bowled': 1}"
212,Matthew Humphreys,Ireland,Bowler,2.0,1.0,7.0,6.0,7.0,116.67,0.0,0.0,1.0,0.0,7.0,160.0,160.0,183.0,1.14375,6.86,7.0,1.0,0.0,0.0,{'caught': 1}
213,Mitchell Santner,New Zealand,All-rounder,77.0,2.0,844.0,684.0,422.0,123.39,1.0,0.0,67.0,31.0,77.0,2540.0,2540.0,2954.0,1.162992125984252,6.98,115.0,39.0,0.0,3.0,"{'bowled': 10, 'caught': 23, 'caught and bowled': 2, 'lbw': 1, 'run out': 7, 'stumped': 2}"
214,Nuwanidu Fernando,Sri Lanka,Batter,2.0,2.0,8.0,12.0,4.0,66.67,0.0,0.0,0.0,0.0,7.0,0.0,0.0,0.0,0.0,0.0,0.0,2.0,0.0,0.0,{'caught': 2}
215,Matthew Breetzke,South Africa,Batter,13.0,2.0,158.0,142.0,79.0,111.27,1.0,0.0,14.0,6.0,51.0,0.0,0.0,0.0,0.0,0.0,0.0,7.0,0.0,0.0,"{'bowled': 3, 'caught': 6, 'lbw': 1, 'run out': 2}"
216,Max O'Dowd,Netherlands,All-rounder,81.0,4.0,2211.0,1873.0,552.75,118.05,0.0,1.0,232.0,55.0,133.0,112.0,112.0,158.0,1.4107142857142858,8.46,11.0,34.0,0.0,1.0,"{'bowled': 19, 'caught': 38, 'caught and bowled': 2, 'lbw': 7, 'run out': 7, 'stumped': 1}"
217,Marcus Stoinis,Australia,All-rounder,64.0,3.0,1310.0,900.0,436.6666666666667,145.56,1.0,0.0,111.0,63.0,78.0,880.0,880.0,1232.0,1.4,8.4,52.0,22.0,0.0,0.0,"{'bowled': 4, 'caught': 29, 'caught and bowled': 1, 'lbw': 3, 'run out': 2, 'stumped': 1}"
218,Mark Adair,Ireland,All-rounder,57.0,2.0,725.0,582.0,362.5,124.57,1.0,0.0,49.0,36.0,72.0,1860.0,1860.0,2291.0,1.2317204301075269,7.39,80.0,31.0,0.0,0.0,"{'bowled': 6, 'caught': 26, 'caught and bowled': 1, 'lbw': 3, 'run out': 8, 'stumped': 1}"
219,Mitchell Marsh,Australia,All-rounder,74.0,2.0,2026.0,1515.0,1013.0,133.73,0.0,1.0,173.0,103.0,103.0,316.0,316.0,391.0,1.2373417721518987,7.42,25.0,35.0,0.0,0.0,"{'bowled': 8, 'caught': 44, 'caught and bowled': 2, 'lbw': 5, 'stumped': 2}"
220,Mark Watt,Scotland,Bowler,34.0,2.0,292.0,264.0,146.0,110.61,0.0,0.0,26.0,6.0,31.0,1547.0,1547.0,1760.0,1.1376858435681965,6.83,69.0,16.0,0.0,0.0,"{'bowled': 9, 'caught': 11, 'lbw': 1, 'run out': 3, 'stumped': 2}"
221,Mark Chapman,New Zealand,All-rounder,77.0,3.0,1761.0,1324.0,587.0,133.01,0.0,1.0,151.0,72.0,104.0,67.0,67.0,76.0,1.1343283582089552,6.81,6.0,40.0,0.0,1.0,"{'bowled': 10, 'caught': 42, 'caught and bowled': 3, 'hit wicket': 1, 'lbw': 2, 'run out': 4, 'stumped': 4}"
222,Matthew Forde,West Indies,Bowler,7.0,2.0,84.0,54.0,42.0,155.56,0.0,0.0,7.0,5.0,29.0,229.0,229.0,330.0,1.4410480349344978,8.65,11.0,11.0,0.0,0.0,"{'caught': 4, 'lbw': 1}"
223,Matthew Short,Australia,Bowler,19.0,2.0,382.0,252.0,191.0,151.59,1.0,0.0,36.0,20.0,66.0,78.0,78.0,136.0,1.7435897435897436,10.46,7.0,13.0,0.0,0.0,"{'bowled': 5, 'caught': 9, 'lbw': 3}"
224,Mahedi Hasan,Bangladesh,Bowler,42.0,2.0,402.0,415.0,201.0,96.87,0.0,0.0,28.0,14.0,33.0,1374.0,1374.0,1539.0,1.1200873362445414,6.72,63.0,19.0,0.0,0.0,"{'bowled': 5, 'caught': 20, 'caught and bowled': 3, 'lbw': 3, 'run out': 1, 'stumped': 1}"
225,Milind Kumar,United States of America,Bowler,17.0,2.0,322.0,319.0,161.0,100.94,1.0,0.0,19.0,6.0,56.0,180.0,180.0,198.0,1.1,6.6,12.0,13.0,0.0,0.0,"{'caught': 8, 'lbw': 1, 'run out': 1}"
226,Mohammad Ali,Pakistan,Bowler,1.0,1.0,1.0,1.0,1.0,100.0,0.0,0.0,0.0,0.0,1.0,44.0,44.0,87.0,1.9772727272727273,11.86,3.0,0.0,0.0,0.0,{}
227,Mohammad Haris,Pakistan,Batter,28.0,2.0,515.0,374.0,257.5,137.7,0.0,1.0,45.0,26.0,107.0,0.0,0.0,0.0,0.0,0.0,0.0,22.0,3.0,1.0,"{'bowled': 4, 'caught': 17, 'caught and bowled': 1, 'lbw': 3, 'run out': 1}"
228,Mohammad Hasnain,Pakistan,Bowler,7.0,2.0,24.0,26.0,12.0,92.31,0.0,0.0,2.0,1.0,8.0,622.0,622.0,868.0,1.3954983922829582,8.37,26.0,1.0,0.0,0.0,{'caught': 1}
229,Mohammad Nadeem,Oman,All-rounder,42.0,2.0,700.0,687.0,350.0,101.89,1.0,0.0,42.0,19.0,77.0,815.0,815.0,1037.0,1.2723926380368098,7.63,52.0,18.0,0.0,1.0,"{'bowled': 5, 'caught': 18, 'lbw': 4, 'run out': 4}"
230,Mohammad Naim,Bangladesh,Batter,35.0,2.0,839.0,827.0,419.5,101.45,1.0,0.0,74.0,18.0,81.0,0.0,0.0,0.0,0.0,0.0,0.0,19.0,0.0,0.0,"{'bowled': 6, 'caught': 23, 'caught and bowled': 2, 'lbw': 1, 'run out': 1}"
231,Mohammad Nawaz,Pakistan,All-rounder,43.0,2.0,650.0,481.0,325.0,135.14,0.0,0.0,53.0,35.0,45.0,882.0,882.0,1099.0,1.246031746031746,7.48,46.0,24.0,0.0,0.0,"{'bowled': 2, 'caught': 24, 'lbw': 2, 'run out': 5}"
232,Mohammad Rizwan,Pakistan,Batter,91.0,2.0,3386.0,2766.0,1693.0,122.42,0.0,1.0,284.0,94.0,104.0,0.0,0.0,0.0,0.0,0.0,0.0,53.0,12.0,8.0,"{'bowled': 14, 'caught': 41, 'caught and bowled': 2, 'lbw': 5, 'retired hurt': 1, 'run out': 5, 'stumped': 3}"
233,Mohammad Saifuddin,Bangladesh,Bowler,21.0,2.0,249.0,231.0,124.5,107.79,0.0,0.0,19.0,9.0,39.0,854.0,854.0,1206.0,1.4121779859484778,8.47,39.0,10.0,0.0,0.0,"{'caught': 8, 'lbw': 1, 'run out': 2}"
234,Mohammed Siraj,India,Bowler,4.0,2.0,14.0,16.0,7.0,87.5,0.0,0.0,1.0,0.0,7.0,363.0,363.0,461.0,1.2699724517906337,7.62,16.0,6.0,0.0,2.0,"{'caught': 1, 'run out': 1}"
235,Mukesh Kumar,India,Bowler,3.0,2.0,5.0,5.0,2.5,100.0,0.0,0.0,1.0,0.0,4.0,283.0,283.0,393.0,1.3886925795053005,8.33,14.0,2.0,0.0,0.0,{'bowled': 1}
236,Mustafizur Rahman,Bangladesh,Bowler,31.0,2.0,89.0,134.0,44.5,66.42,0.0,0.0,4.0,4.0,11.0,2556.0,2556.0,3030.0,1.1854460093896713,7.11,111.0,23.0,0.0,0.0,"{'bowled': 7, 'caught': 8, 'run out': 3}"
237,Navin Bidaisee,West Indies,Bowler,2.0,1.0,24.0,32.0,24.0,75.0,0.0,0.0,1.0,1.0,22.0,53.0,53.0,62.0,1.169811320754717,7.02,3.0,2.0,0.0,0.0,"{'caught': 1, 'hit wicket': 1}"
238,Nandre Burger,South Africa,Bowler,3.0,2.0,10.0,21.0,5.0,47.62,0.0,0.0,0.0,0.0,9.0,188.0,188.0,251.0,1.3351063829787233,8.01,8.0,2.0,0.0,0.0,"{'bowled': 1, 'lbw': 1}"
239,Nikhil Dutta,Canada,Bowler,7.0,2.0,80.0,53.0,40.0,150.94,0.0,0.0,5.0,5.0,27.0,473.0,473.0,507.0,1.0718816067653276,6.43,24.0,4.0,0.0,0.0,"{'bowled': 1, 'caught': 1, 'run out': 1}"
240,Nqabayomzi Peter,South Africa,Bowler,5.0,2.0,29.0,25.0,14.5,116.0,0.0,0.0,3.0,0.0,10.0,220.0,220.0,333.0,1.5136363636363637,9.08,12.0,3.0,0.0,1.0,"{'caught': 1, 'lbw': 1}"
241,Nicholas Pooran,West Indies,Batter,96.0,2.0,2177.0,1694.0,1088.5,128.51,1.0,0.0,146.0,141.0,82.0,0.0,0.0,0.0,0.0,0.0,0.0,62.0,8.0,2.0,"{'bowled': 11, 'caught': 61, 'caught and bowled': 4, 'lbw': 5, 'run out': 2, 'stumped': 3}"
242,Nahid Rana,Bangladesh,Batter,2.0,1.0,15.0,30.0,15.0,50.0,0.0,0.0,0.0,0.0,9.0,0.0,0.0,0.0,0.0,0.0,0.0,0.0,0.0,0.0,"{'caught': 1, 'caught and bowled': 1}"
243,Nuwan Thushara,Sri Lanka,Bowler,6.0,2.0,3.0,12.0,1.5,25.0,0.0,0.0,0.0,0.0,2.0,536.0,536.0,694.0,1.294776119402985,7.77,25.0,2.0,0.0,0.0,{'run out': 1}
244,Norman Vanua,Papua New Guinea,All-rounder,37.0,2.0,588.0,477.0,294.0,123.27,1.0,0.0,28.0,36.0,71.0,905.0,905.0,1111.0,1.2276243093922652,7.37,43.0,18.0,0.0,1.0,"{'bowled': 10, 'caught': 18, 'lbw': 2}"
245,Neil Rock,Ireland,Batter,16.0,2.0,160.0,156.0,80.0,102.56,0.0,0.0,13.0,3.0,37.0,0.0,0.0,0.0,0.0,0.0,0.0,14.0,2.0,0.0,"{'bowled': 5, 'caught': 9, 'stumped': 1}"
246,Nosthush Kenjige,United States of America,Bowler,8.0,2.0,10.0,21.0,5.0,47.62,0.0,0.0,0.0,0.0,6.0,431.0,431.0,548.0,1.271461716937355,7.63,22.0,5.0,0.0,0.0,"{'bowled': 2, 'caught': 2, 'lbw': 1}"
247,Nicholas Kirton,Canada,All-rounder,33.0,2.0,727.0,609.0,363.5,119.38,1.0,0.0,47.0,28.0,69.0,54.0,54.0,97.0,1.7962962962962963,10.78,7.0,11.0,0.0,2.0,"{'bowled': 1, 'caught': 24, 'lbw': 1, 'run out': 2}"
248,Navneet Dhaliwal,Canada,All-rounder,40.0,3.0,1157.0,887.0,385.6666666666667,130.44,1.0,0.0,93.0,53.0,70.0,61.0,61.0,61.0,1.0,6.0,6.0,15.0,0.0,1.0,"{'bowled': 6, 'caught': 27, 'run out': 1, 'stumped': 1}"
249,Nathan Ellis,Australia,Bowler,9.0,2.0,32.0,56.0,16.0,57.14,0.0,0.0,1.0,1.0,12.0,714.0,714.0,901.0,1.2619047619047619,7.57,32.0,12.0,0.0,2.0,"{'bowled': 3, 'caught': 1, 'run out': 1}"
250,Naseem Khushi,Oman,Batter,34.0,4.0,612.0,384.0,153.0,159.38,1.0,0.0,39.0,47.0,69.0,0.0,0.0,0.0,0.0,0.0,0.0,18.0,4.0,1.0,"{'bowled': 6, 'caught': 18, 'caught and bowled': 1, 'lbw': 3, 'run out': 4}"
251,Naseem Shah,Pakistan,Bowler,10.0,2.0,44.0,45.0,22.0,97.78,0.0,0.0,6.0,1.0,16.0,649.0,649.0,859.0,1.3235747303543914,7.94,28.0,2.0,0.0,0.0,"{'bowled': 2, 'caught': 4, 'lbw': 1}"
252,Nasum Ahmed,Bangladesh,Bowler,18.0,2.0,97.0,99.0,48.5,97.98,0.0,0.0,9.0,3.0,20.0,734.0,734.0,910.0,1.2397820163487738,7.44,37.0,6.0,0.0,0.0,"{'bowled': 3, 'caught': 6, 'hit wicket': 1}"
253,Najmul Hossain Shanto,Bangladesh,All-rounder,44.0,2.0,959.0,913.0,479.5,105.04,1.0,0.0,88.0,19.0,71.0,19.0,19.0,26.0,1.368421052631579,8.21,3.0,30.0,0.0,1.0,"{'bowled': 10, 'caught': 21, 'caught and bowled': 4, 'lbw': 1, 'run out': 1, 'stumped': 2}"
254,Nitish Kumar Reddy,India,Bowler,3.0,2.0,90.0,52.0,45.0,173.08,1.0,0.0,4.0,8.0,74.0,55.0,55.0,76.0,1.3818181818181818,8.29,3.0,2.0,0.0,0.0,{'caught': 2}
255,Nitish Kumar,United States of America,Bowler,3.0,2.0,90.0,52.0,45.0,173.08,1.0,0.0,4.0,8.0,74.0,55.0,55.0,76.0,1.3818181818181818,8.29,3.0,2.0,0.0,0.0,{'caught': 2}
256,Nurul Hasan,Bangladesh,Batter,45.0,2.0,489.0,432.0,244.5,113.19,0.0,0.0,27.0,19.0,42.0,0.0,0.0,0.0,0.0,0.0,0.0,21.0,9.0,3.0,"{'bowled': 2, 'caught': 24, 'lbw': 2, 'run out': 2}"
257,Obed McCoy,West Indies,Bowler,14.0,2.0,68.0,68.0,34.0,100.0,0.0,0.0,7.0,4.0,23.0,861.0,861.0,1225.0,1.4227642276422765,8.54,41.0,3.0,0.0,0.0,"{'bowled': 4, 'caught': 3}"
258,Omair Yousuf,Pakistan,Batter,6.0,2.0,67.0,66.0,33.5,101.52,0.0,0.0,6.0,2.0,22.0,0.0,0.0,0.0,0.0,0.0,0.0,3.0,0.0,0.0,"{'bowled': 1, 'caught': 3}"
259,Pathum Nissanka,Sri Lanka,Batter,66.0,3.0,2069.0,1708.0,689.6666666666666,121.14,0.0,1.0,205.0,56.0,107.0,0.0,0.0,0.0,0.0,0.0,0.0,15.0,0.0,1.0,"{'bowled': 10, 'caught': 43, 'caught and bowled': 1, 'lbw': 4, 'run out': 4, 'stumped': 3}"
260,Paul van Meekeren,Netherlands,Bowler,22.0,2.0,136.0,125.0,68.0,108.8,0.0,0.0,9.0,6.0,24.0,1537.0,1537.0,1816.0,1.1815224463240077,7.09,71.0,18.0,0.0,0.0,"{'bowled': 2, 'caught': 7, 'lbw': 4, 'run out': 5}"
261,Bhanuka Rajapaksa,Sri Lanka,Batter,36.0,2.0,646.0,506.0,323.0,127.67,1.0,0.0,51.0,29.0,77.0,0.0,0.0,0.0,0.0,0.0,0.0,9.0,0.0,0.0,"{'bowled': 5, 'caught': 19, 'caught and bowled': 2, 'lbw': 3}"
262,Phil Salt,England,Batter,46.0,2.0,1540.0,949.0,770.0,162.28,0.0,1.0,154.0,75.0,141.0,0.0,0.0,0.0,0.0,0.0,0.0,31.0,2.0,0.0,"{'bowled': 10, 'caught': 26, 'caught and bowled': 1, 'run out': 1, 'stumped': 2}"
263,Kamindu Mendis,Sri Lanka,Bowler,27.0,3.0,438.0,379.0,146.0,115.57,1.0,0.0,37.0,18.0,51.0,146.0,146.0,200.0,1.36986301369863,8.22,12.0,16.0,0.0,0.0,"{'bowled': 1, 'caught': 20, 'lbw': 3, 'run out': 1, 'stumped': 1}"
264,Paul Stirling,Ireland,All-rounder,120.0,2.0,2975.0,2276.0,1487.5,130.71,0.0,1.0,346.0,106.0,115.0,490.0,490.0,577.0,1.1775510204081632,7.07,35.0,31.0,0.0,1.0,"{'bowled': 25, 'caught': 68, 'caught and bowled': 4, 'lbw': 7, 'retired hurt': 1, 'run out': 4, 'stumped': 2}"
265,Dushmantha Chameera,Sri Lanka,Bowler,29.0,2.0,102.0,119.0,51.0,85.71,0.0,0.0,9.0,1.0,24.0,1423.0,1423.0,1841.0,1.2937456078706957,7.76,62.0,7.0,0.0,1.0,"{'bowled': 4, 'caught': 9, 'lbw': 3, 'run out': 1}"
266,Wanindu Hasaranga,Sri Lanka,All-rounder,65.0,2.0,629.0,514.0,314.5,122.37,1.0,0.0,62.0,12.0,71.0,1729.0,1729.0,2072.0,1.1983805668016194,7.19,76.0,26.0,0.0,0.0,"{'bowled': 8, 'caught': 33, 'lbw': 1, 'run out': 6, 'stumped': 3}"
267,Pargat Singh,Canada,Bowler,21.0,2.0,430.0,379.0,215.0,113.46,1.0,0.0,39.0,14.0,89.0,55.0,55.0,92.0,1.6727272727272726,10.04,6.0,2.0,0.0,0.0,"{'bowled': 2, 'caught': 8, 'lbw': 6, 'run out': 1, 'stumped': 3}"
268,Parvez Hossain Emon,Bangladesh,Batter,24.0,2.0,460.0,360.0,230.0,127.78,0.0,1.0,39.0,30.0,100.0,0.0,0.0,0.0,0.0,0.0,0.0,6.0,0.0,0.0,"{'bowled': 5, 'caught': 16, 'lbw': 2}"
269,Pratis GC,Nepal,Bowler,5.0,2.0,7.0,11.0,3.5,63.64,0.0,0.0,0.0,0.0,6.0,211.0,211.0,289.0,1.3696682464454977,8.22,10.0,2.0,0.0,0.0,{'caught': 2}
270,Quinton de Kock,South Africa,Batter,91.0,2.0,2565.0,1920.0,1282.5,133.59,0.0,1.0,263.0,101.0,100.0,0.0,0.0,0.0,0.0,0.0,0.0,81.0,18.0,2.0,"{'bowled': 13, 'caught': 53, 'caught and bowled': 4, 'lbw': 5, 'run out': 6, 'stumped': 3}"
271,Qasim Akram,Pakistan,Bowler,2.0,1.0,32.0,31.0,32.0,103.23,0.0,0.0,5.0,0.0,20.0,11.0,11.0,6.0,0.5454545454545454,3.27,1.0,1.0,0.0,0.0,{'caught': 2}
272,Richard Ngarava,Zimbabwe,Bowler,25.0,2.0,82.0,72.0,41.0,113.89,0.0,0.0,9.0,3.0,12.0,1674.0,1674.0,1940.0,1.1589008363201911,6.95,75.0,13.0,0.0,1.0,"{'bowled': 10, 'caught': 3, 'run out': 2, 'stumped': 1}"
273,Riyan Parag,India,Bowler,6.0,2.0,106.0,72.0,53.0,147.22,0.0,0.0,3.0,9.0,34.0,75.0,75.0,83.0,1.1066666666666667,6.64,5.0,7.0,0.0,0.0,"{'caught': 5, 'lbw': 1}"
274,Rayyan Pathan,Canada,Bowler,12.0,2.0,387.0,251.0,193.5,154.18,0.0,1.0,41.0,17.0,107.0,12.0,12.0,24.0,2.0,12.0,1.0,0.0,0.0,0.0,"{'bowled': 2, 'caught': 5, 'run out': 3}"
275,Rovman Powell,West Indies,All-rounder,91.0,2.0,2029.0,1504.0,1014.5,134.91,0.0,1.0,121.0,135.0,107.0,119.0,119.0,201.0,1.6890756302521008,10.13,13.0,51.0,0.0,0.0,"{'bowled': 11, 'caught': 57, 'caught and bowled': 2, 'lbw': 6, 'stumped': 2}"
276,Rachin Ravindra,New Zealand,All-rounder,33.0,2.0,528.0,403.0,264.0,131.02,1.0,0.0,42.0,20.0,69.0,281.0,281.0,313.0,1.113879003558719,6.68,18.0,14.0,0.0,0.0,"{'bowled': 5, 'caught': 19, 'caught and bowled': 1, 'lbw': 1}"
277,Romario Shepherd,West Indies,All-rounder,47.0,2.0,772.0,573.0,386.0,134.73,0.0,0.0,44.0,55.0,49.0,1332.0,1332.0,2089.0,1.5683183183183182,9.41,65.0,13.0,0.0,1.0,"{'bowled': 4, 'caught': 19, 'lbw': 4, 'run out': 3}"
278,Ruben Trumpelmann,Namibia,Bowler,23.0,2.0,254.0,196.0,127.0,129.59,0.0,0.0,17.0,15.0,46.0,769.0,769.0,990.0,1.2873862158647593,7.72,38.0,10.0,0.0,0.0,"{'bowled': 2, 'caught': 10, 'lbw': 1}"
279,Rubin Hermann,South Africa,Batter,6.0,2.0,153.0,119.0,76.5,128.57,1.0,0.0,13.0,6.0,63.0,0.0,0.0,0.0,0.0,0.0,0.0,3.0,0.0,0.0,"{'bowled': 2, 'caught': 3, 'run out': 1}"
280,Ronak Patel,Uganda,Batter,36.0,2.0,781.0,786.0,390.5,99.36,1.0,0.0,92.0,8.0,68.0,0.0,0.0,0.0,0.0,0.0,0.0,5.0,0.0,1.0,"{'bowled': 6, 'caught': 14, 'caught and bowled': 2, 'lbw': 3, 'retired hurt': 1, 'run out': 2, 'stumped': 1}"
281,Richie Berrington,Scotland,All-rounder,75.0,2.0,1871.0,1466.0,935.5,127.63,1.0,0.0,141.0,71.0,82.0,425.0,425.0,534.0,1.2564705882352942,7.54,30.0,17.0,0.0,1.0,"{'bowled': 13, 'caught': 42, 'lbw': 3, 'run out': 1}"
282,Ruturaj Gaikwad,India,Batter,19.0,2.0,633.0,462.0,316.5,137.01,0.0,1.0,65.0,24.0,123.0,0.0,0.0,0.0,0.0,0.0,0.0,12.0,0.0,0.0,"{'caught': 13, 'caught and bowled': 1, 'lbw': 1, 'run out': 1}"
283,Ryan Rickelton,South Africa,Batter,18.0,2.0,381.0,293.0,190.5,130.03,1.0,0.0,30.0,20.0,76.0,0.0,0.0,0.0,0.0,0.0,0.0,10.0,0.0,0.0,"{'bowled': 1, 'caught': 16, 'stumped': 1}"
284,Roelof van der Merwe,Netherlands,All-rounder,40.0,3.0,518.0,408.0,172.66666666666666,126.96,1.0,0.0,40.0,15.0,75.0,1228.0,1228.0,1318.0,1.0732899022801303,6.44,62.0,21.0,0.0,1.0,"{'bowled': 6, 'caught': 17, 'lbw': 2}"
285,Rohit Paudel,Nepal,All-rounder,70.0,6.0,1575.0,1376.0,262.5,114.46,1.0,0.0,126.0,46.0,61.0,231.0,231.0,252.0,1.0909090909090908,6.55,17.0,39.0,0.0,1.0,"{'bowled': 11, 'caught': 38, 'caught and bowled': 1, 'lbw': 7, 'run out': 1}"
286,Rinku Singh,India,Batter,26.0,2.0,475.0,341.0,237.5,139.3,1.0,0.0,43.0,25.0,68.0,6.0,6.0,3.0,0.5,3.0,1.0,28.0,0.0,0.0,"{'bowled': 2, 'caught': 11, 'lbw': 3, 'run out': 1}"
287,Roston Chase,West Indies,All-rounder,36.0,2.0,653.0,566.0,326.5,115.37,1.0,0.0,56.0,18.0,67.0,738.0,738.0,860.0,1.165311653116531,6.99,41.0,11.0,0.0,0.0,"{'bowled': 8, 'caught': 16, 'caught and bowled': 1, 'lbw': 2, 'retired out': 1}"
288,Ryan Burl,Zimbabwe,All-rounder,85.0,2.0,1533.0,1252.0,766.5,122.44,1.0,0.0,114.0,60.0,61.0,950.0,950.0,1141.0,1.2010526315789474,7.21,57.0,40.0,0.0,0.0,"{'bowled': 13, 'caught': 36, 'caught and bowled': 2, 'lbw': 2, 'run out': 4}"
289,Mitchell Owen,Australia,Bowler,2.0,2.0,2.0,5.0,1.0,40.0,0.0,0.0,0.0,0.0,1.0,104.0,104.0,148.0,1.4230769230769231,8.54,4.0,1.0,0.0,0.0,{}
290,Reeza Hendricks,South Africa,All-rounder,85.0,2.0,2454.0,1936.0,1227.0,126.76,0.0,1.0,264.0,68.0,117.0,30.0,30.0,66.0,2.2,13.2,3.0,38.0,0.0,0.0,"{'bowled': 21, 'caught': 46, 'caught and bowled': 2, 'lbw': 7, 'run out': 4, 'stumped': 4}"
291,Rishabh Pant,India,Batter,63.0,2.0,1142.0,954.0,571.0,119.71,1.0,0.0,103.0,41.0,65.0,0.0,0.0,0.0,0.0,0.0,0.0,37.0,11.0,0.0,"{'bowled': 8, 'caught': 39, 'caught and bowled': 1, 'run out': 3}"
292,Ramandeep Singh,India,Bowler,1.0,1.0,15.0,6.0,15.0,250.0,0.0,0.0,1.0,1.0,15.0,23.0,23.0,42.0,1.826086956521739,10.96,1.0,1.0,0.0,0.0,{'run out': 1}
293,Ravi Bishnoi,India,Bowler,12.0,2.0,55.0,44.0,27.5,125.0,0.0,0.0,8.0,1.0,9.0,914.0,914.0,1085.0,1.187089715536105,7.12,38.0,18.0,0.0,1.0,"{'bowled': 1, 'caught': 1, 'lbw': 1, 'run out': 4}"
294,Ravinderpal Singh,Canada,All-rounder,33.0,2.0,631.0,460.0,315.5,137.17,0.0,1.0,43.0,36.0,101.0,26.0,26.0,29.0,1.1153846153846154,6.69,2.0,24.0,0.0,0.0,"{'bowled': 9, 'caught': 14, 'caught and bowled': 1, 'lbw': 2, 'run out': 1}"
295,Rehan Ahmed,England,Bowler,8.0,2.0,55.0,46.0,27.5,119.57,0.0,0.0,5.0,3.0,11.0,211.0,211.0,333.0,1.5781990521327014,9.47,11.0,1.0,0.0,0.0,"{'bowled': 1, 'caught': 1, 'caught and bowled': 1, 'run out': 2}"
296,Riazat Ali Shah,Uganda,All-rounder,62.0,2.0,1568.0,1277.0,784.0,122.79,1.0,0.0,116.0,69.0,98.0,775.0,775.0,899.0,1.16,6.96,44.0,26.0,0.0,6.0,"{'bowled': 8, 'caught': 25, 'caught and bowled': 1, 'lbw': 6, 'run out': 1, 'stumped': 2}"
297,Rishad Hossain,Bangladesh,Bowler,28.0,2.0,197.0,161.0,98.5,122.36,1.0,0.0,12.0,15.0,53.0,947.0,947.0,1285.0,1.3569165786694826,8.14,46.0,22.0,0.0,1.0,"{'bowled': 6, 'caught': 13, 'caught and bowled': 1, 'lbw': 2}"
298,Rizwan Cheema,Canada,Bowler,16.0,2.0,141.0,131.0,70.5,107.63,0.0,0.0,11.0,9.0,32.0,145.0,145.0,191.0,1.3172413793103448,7.9,8.0,6.0,0.0,0.0,"{'bowled': 4, 'caught': 7, 'lbw': 1, 'retired hurt': 1, 'run out': 1, 'stumped': 1}"
299,Samar Badula,Papua New Guinea,All-rounder,46.0,2.0,1023.0,942.0,511.5,108.6,1.0,0.0,88.0,31.0,85.0,355.0,355.0,392.0,1.1042253521126761,6.63,30.0,21.0,0.0,2.0,"{'bowled': 8, 'caught': 23, 'lbw': 5, 'run out': 3}"
300,Sese Bau,Papua New Guinea,All-rounder,46.0,2.0,1023.0,942.0,511.5,108.6,1.0,0.0,88.0,31.0,85.0,355.0,355.0,392.0,1.1042253521126761,6.63,30.0,21.0,0.0,2.0,"{'bowled': 8, 'caught': 23, 'lbw': 5, 'run out': 3}"
301,Shivam Dube,India,Bowler,27.0,2.0,473.0,374.0,236.5,126.47,1.0,0.0,31.0,25.0,54.0,359.0,359.0,540.0,1.5041782729805013,9.03,26.0,13.0,0.0,1.0,"{'bowled': 2, 'caught': 14, 'caught and bowled': 2, 'run out': 2}"
302,Sundeep Jora,Nepal,Batter,31.0,2.0,484.0,411.0,242.0,117.76,1.0,0.0,26.0,22.0,63.0,0.0,0.0,0.0,0.0,0.0,0.0,23.0,0.0,0.0,"{'bowled': 4, 'caught': 18, 'lbw': 1, 'run out': 1, 'stumped': 1}"
303,Shamar Joseph,West Indies,Bowler,3.0,1.0,28.0,19.0,28.0,147.37,0.0,0.0,2.0,2.0,21.0,260.0,260.0,390.0,1.5,9.0,12.0,4.0,0.0,0.0,{}
304,Sandeep Lamichhane,Nepal,Bowler,19.0,2.0,71.0,76.0,35.5,93.42,0.0,0.0,3.0,2.0,16.0,1525.0,1525.0,1557.0,1.020983606557377,6.13,65.0,20.0,0.0,0.0,"{'bowled': 1, 'caught': 7, 'caught and bowled': 1, 'run out': 1, 'stumped': 1}"
305,Saqib Mahmood,England,Bowler,9.0,2.0,35.0,47.0,17.5,74.47,0.0,0.0,2.0,1.0,12.0,401.0,401.0,605.0,1.5087281795511223,9.05,18.0,2.0,0.0,0.0,"{'bowled': 2, 'caught': 3}"
306,Shreyas Movva,Canada,Batter,20.0,2.0,346.0,338.0,173.0,102.37,0.0,0.0,25.0,8.0,37.0,0.0,0.0,0.0,0.0,0.0,0.0,21.0,4.0,0.0,"{'bowled': 1, 'caught': 10, 'lbw': 2, 'run out': 1, 'stumped': 1}"
307,Senuran Muthusamy,South Africa,Bowler,5.0,2.0,24.0,23.0,12.0,104.35,0.0,0.0,2.0,1.0,9.0,109.0,109.0,128.0,1.1743119266055047,7.05,5.0,2.0,0.0,0.0,"{'bowled': 1, 'caught': 2, 'lbw': 1}"
308,Simon Ssesazi,Uganda,Batter,75.0,2.0,1970.0,1676.0,985.0,117.54,0.0,1.0,204.0,71.0,100.0,0.0,0.0,0.0,0.0,0.0,0.0,18.0,0.0,1.0,"{'bowled': 9, 'caught': 40, 'caught and bowled': 3, 'lbw': 10, 'run out': 4, 'stumped': 2}"
309,Sean Williams,Zimbabwe,Bowler,6.0,2.0,32.0,43.0,16.0,74.42,0.0,0.0,3.0,0.0,22.0,175.0,175.0,162.0,0.9257142857142857,5.55,10.0,1.0,0.0,0.0,"{'caught': 1, 'run out': 1}"
310,Sean Abbott,Australia,Bowler,12.0,2.0,50.0,50.0,25.0,100.0,0.0,0.0,4.0,1.0,13.0,568.0,568.0,837.0,1.4735915492957747,8.84,27.0,17.0,0.0,0.0,"{'bowled': 4, 'caught': 1, 'lbw': 1}"
311,Scott Edwards,Netherlands,Batter,71.0,3.0,1193.0,972.0,397.6666666666667,122.74,1.0,0.0,92.0,30.0,99.0,0.0,0.0,0.0,0.0,0.0,0.0,64.0,10.0,1.0,"{'bowled': 8, 'caught': 31, 'caught and bowled': 1, 'lbw': 10, 'run out': 3}"
312,Suryakumar Yadav,India,Batter,87.0,3.0,2702.0,1705.0,900.6666666666666,158.48,0.0,1.0,243.0,150.0,117.0,6.0,6.0,5.0,0.8333333333333334,5.0,1.0,54.0,0.0,4.0,"{'bowled': 5, 'caught': 58, 'caught and bowled': 1, 'lbw': 7, 'run out': 2}"
313,Shai Hope,West Indies,Batter,53.0,2.0,1315.0,972.0,657.5,135.29,0.0,1.0,103.0,72.0,102.0,0.0,0.0,0.0,0.0,0.0,0.0,23.0,1.0,1.0,"{'bowled': 6, 'caught': 29, 'caught and bowled': 2, 'lbw': 2, 'run out': 4, 'stumped': 2}"
314,Sherfane Rutherford,West Indies,All-rounder,34.0,2.0,572.0,422.0,286.0,135.55,1.0,0.0,44.0,35.0,68.0,39.0,39.0,64.0,1.641025641025641,9.85,3.0,11.0,0.0,0.0,"{'bowled': 5, 'caught': 20, 'lbw': 3, 'run out': 1}"
315,Spencer Johnson,Australia,Bowler,1.0,1.0,0.0,1.0,0.0,0.0,0.0,0.0,0.0,0.0,0.0,171.0,171.0,249.0,1.456140350877193,8.74,8.0,0.0,0.0,1.0,{'caught': 1}
316,Simon Atai,Papua New Guinea,Bowler,11.0,2.0,64.0,59.0,32.0,108.47,0.0,0.0,5.0,1.0,28.0,93.0,93.0,111.0,1.1935483870967742,7.16,9.0,5.0,0.0,0.0,"{'bowled': 1, 'caught': 5, 'caught and bowled': 1, 'run out': 1}"
317,Sam Curran,England,Bowler,38.0,2.0,450.0,353.0,225.0,127.48,1.0,0.0,24.0,22.0,50.0,1139.0,1139.0,1593.0,1.398595258999122,8.39,60.0,23.0,0.0,1.0,"{'bowled': 4, 'caught': 18, 'lbw': 1, 'run out': 1, 'stumped': 2}"
318,Safyaan Sharif,Scotland,Bowler,29.0,2.0,180.0,175.0,90.0,102.86,0.0,0.0,9.0,5.0,26.0,1370.0,1370.0,1785.0,1.302919708029197,7.82,65.0,14.0,0.0,4.0,"{'caught': 8, 'lbw': 1, 'run out': 4, 'stumped': 1}"
319,Saurabh Netravalkar,United States of America,Bowler,10.0,2.0,42.0,49.0,21.0,85.71,0.0,0.0,2.0,1.0,12.0,817.0,817.0,949.0,1.1615667074663403,6.97,40.0,7.0,0.0,0.0,"{'bowled': 3, 'caught': 3}"
320,Shimron Hetmyer,West Indies,Batter,56.0,2.0,1069.0,861.0,534.5,124.16,1.0,0.0,71.0,59.0,81.0,0.0,0.0,0.0,0.0,0.0,0.0,32.0,0.0,0.0,"{'bowled': 3, 'caught': 39, 'caught and bowled': 1, 'lbw': 3, 'run out': 5}"
321,Steven Taylor,United States of America,All-rounder,29.0,3.0,834.0,646.0,278.0,129.1,0.0,1.0,90.0,37.0,101.0,297.0,297.0,301.0,1.0134680134680134,6.08,19.0,10.0,0.0,0.0,"{'bowled': 7, 'caught': 18, 'lbw': 2}"
322,Shreyas Iyer,India,Batter,46.0,2.0,1104.0,829.0,552.0,133.17,1.0,0.0,90.0,44.0,74.0,2.0,2.0,2.0,1.0,6.0,0.0,16.0,0.0,0.0,"{'bowled': 2, 'caught': 21, 'caught and bowled': 4, 'hit wicket': 1, 'lbw': 4, 'run out': 1, 'stumped': 3}"
323,Sanju Samson,India,Batter,42.0,2.0,995.0,700.0,497.5,142.14,0.0,1.0,78.0,56.0,111.0,0.0,0.0,0.0,0.0,0.0,0.0,34.0,6.0,1.0,"{'bowled': 8, 'caught': 24, 'lbw': 4, 'run out': 1, 'stumped': 1}"
324,Saad Bin Zafar,Canada,Bowler,31.0,2.0,455.0,371.0,227.5,122.64,0.0,0.0,36.0,16.0,33.0,1265.0,1265.0,1270.0,1.0039525691699605,6.02,58.0,20.0,0.0,1.0,"{'bowled': 2, 'caught': 10, 'lbw': 2, 'run out': 1}"
325,Sahibzada Farhan,Pakistan,Batter,27.0,2.0,627.0,529.0,313.5,118.53,1.0,0.0,46.0,36.0,74.0,0.0,0.0,0.0,0.0,0.0,0.0,12.0,0.0,1.0,"{'bowled': 2, 'caught': 21, 'caught and bowled': 1, 'lbw': 2, 'stumped': 1}"
326,Saif Hassan,Bangladesh,Bowler,13.0,2.0,284.0,253.0,142.0,112.25,1.0,0.0,10.0,20.0,69.0,64.0,64.0,67.0,1.046875,6.28,5.0,6.0,0.0,1.0,"{'bowled': 1, 'caught': 9, 'lbw': 1}"
327,Saim Ayub,Pakistan,All-rounder,43.0,2.0,864.0,646.0,432.0,133.75,1.0,0.0,86.0,43.0,98.0,328.0,328.0,382.0,1.1646341463414633,6.99,21.0,20.0,0.0,0.0,"{'bowled': 1, 'caught': 30, 'caught and bowled': 3, 'lbw': 2, 'run out': 4}"
328,Salman Mirza,Pakistan,Bowler,2.0,1.0,3.0,3.0,3.0,100.0,0.0,0.0,0.0,0.0,3.0,174.0,174.0,165.0,0.9482758620689655,5.69,7.0,0.0,0.0,0.0,{'run out': 2}
329,Shadab Khan,Pakistan,All-rounder,49.0,3.0,687.0,503.0,229.0,136.58,1.0,0.0,47.0,35.0,52.0,2144.0,2144.0,2646.0,1.234141791044776,7.4,99.0,34.0,0.0,3.0,"{'bowled': 2, 'caught': 33, 'lbw': 1, 'run out': 4}"
330,Shaheen Shah Afridi,Pakistan,Bowler,34.0,2.0,300.0,243.0,150.0,123.46,0.0,0.0,16.0,23.0,33.0,2043.0,2043.0,2635.0,1.2897699461576113,7.74,89.0,21.0,0.0,1.0,"{'bowled': 3, 'caught': 11, 'caught and bowled': 2, 'lbw': 2, 'run out': 1, 'stumped': 1}"
331,Shakeel Ahmed,Oman,Bowler,22.0,2.0,232.0,244.0,116.0,95.08,0.0,0.0,15.0,9.0,45.0,882.0,882.0,951.0,1.0782312925170068,6.47,41.0,3.0,0.0,0.0,"{'bowled': 3, 'caught': 10, 'run out': 2}"
332,Shamim Hossain,Bangladesh,Bowler,32.0,2.0,495.0,409.0,247.5,121.03,1.0,0.0,43.0,18.0,51.0,97.0,97.0,119.0,1.2268041237113403,7.36,9.0,16.0,0.0,1.0,"{'bowled': 7, 'caught': 15, 'lbw': 1, 'run out': 2, 'stumped': 1}"
333,Shariz Ahmad,Netherlands,Bowler,7.0,2.0,65.0,67.0,32.5,97.01,0.0,0.0,5.0,0.0,16.0,171.0,171.0,227.0,1.327485380116959,7.96,12.0,1.0,0.0,0.0,"{'bowled': 1, 'caught': 3, 'run out': 1}"
334,Shayan Jahangir,United States of America,Batter,18.0,3.0,372.0,287.0,124.0,129.62,1.0,0.0,33.0,13.0,61.0,0.0,0.0,0.0,0.0,0.0,0.0,4.0,3.0,0.0,"{'bowled': 1, 'caught': 8, 'lbw': 4}"
335,Shoaib Khan,Oman,Batter,29.0,2.0,368.0,368.0,184.0,100.0,1.0,0.0,34.0,12.0,57.0,0.0,0.0,0.0,0.0,0.0,0.0,10.0,0.0,0.0,"{'bowled': 3, 'caught': 17, 'lbw': 1, 'stumped': 1}"
336,Shoriful Islam,Bangladesh,Bowler,15.0,2.0,58.0,53.0,29.0,109.43,0.0,0.0,5.0,3.0,16.0,1055.0,1055.0,1402.0,1.328909952606635,7.97,49.0,9.0,0.0,3.0,"{'bowled': 4, 'caught': 8, 'run out': 1}"
337,Shubman Gill,India,Batter,32.0,2.0,814.0,601.0,407.0,135.44,0.0,1.0,87.0,26.0,126.0,0.0,0.0,0.0,0.0,0.0,0.0,9.0,0.0,0.0,"{'bowled': 5, 'caught': 13, 'caught and bowled': 1, 'lbw': 5, 'stumped': 3}"
338,Sikandar Raza,Zimbabwe,All-rounder,99.0,2.0,2283.0,1749.0,1141.5,130.53,0.0,1.0,169.0,114.0,133.0,1724.0,1724.0,1940.0,1.1252900232018561,6.75,92.0,37.0,0.0,2.0,"{'bowled': 13, 'caught': 66, 'caught and bowled': 1, 'lbw': 4, 'run out': 4, 'stumped': 3}"
339,Sompal Kami,Nepal,Bowler,45.0,2.0,354.0,336.0,177.0,105.36,0.0,0.0,23.0,15.0,40.0,1573.0,1573.0,1869.0,1.1881754609027337,7.13,81.0,23.0,0.0,3.0,"{'bowled': 7, 'caught': 16, 'caught and bowled': 1, 'lbw': 3, 'run out': 5, 'stumped': 1}"
340,Soumya Sarkar,Bangladesh,All-rounder,81.0,2.0,1434.0,1215.0,717.0,118.02,1.0,0.0,143.0,54.0,68.0,287.0,287.0,416.0,1.4494773519163764,8.7,26.0,43.0,0.0,2.0,"{'bowled': 13, 'caught': 45, 'caught and bowled': 6, 'lbw': 6, 'run out': 4, 'stumped': 4}"
341,Sufiyan Muqeem,Pakistan,Bowler,7.0,2.0,18.0,17.0,9.0,105.88,0.0,0.0,2.0,0.0,10.0,303.0,303.0,314.0,1.0363036303630364,6.22,15.0,3.0,0.0,0.0,"{'bowled': 2, 'caught': 1, 'run out': 1}"
342,Tom Banton,England,Batter,21.0,2.0,451.0,302.0,225.5,149.34,1.0,0.0,45.0,20.0,73.0,0.0,0.0,0.0,0.0,0.0,0.0,14.0,0.0,0.0,"{'bowled': 1, 'caught': 11, 'caught and bowled': 1, 'lbw': 5}"
343,Terrance Hinds,West Indies,Bowler,1.0,1.0,5.0,4.0,5.0,125.0,0.0,0.0,1.0,0.0,5.0,31.0,31.0,58.0,1.8709677419354838,11.23,2.0,0.0,0.0,0.0,{}
344,Tangeni Lungameni,Namibia,Bowler,4.0,2.0,16.0,11.0,8.0,145.45,0.0,0.0,3.0,0.0,12.0,771.0,771.0,938.0,1.2166018158236056,7.3,40.0,9.0,0.0,0.0,{'caught': 1}
345,Tadiwanashe Marumani,Zimbabwe,Batter,55.0,2.0,1156.0,943.0,578.0,122.59,1.0,0.0,118.0,41.0,86.0,0.0,0.0,0.0,0.0,0.0,0.0,22.0,3.0,0.0,"{'bowled': 9, 'caught': 30, 'caught and bowled': 2, 'lbw': 6, 'run out': 3, 'stumped': 2}"
346,Tony Munyonga,Zimbabwe,Bowler,28.0,2.0,343.0,330.0,171.5,103.94,0.0,0.0,26.0,7.0,44.0,81.0,81.0,64.0,0.7901234567901234,4.74,5.0,11.0,0.0,0.0,"{'bowled': 6, 'caught': 10, 'caught and bowled': 1, 'lbw': 3, 'run out': 2}"
347,Tashinga Musekiwa,Zimbabwe,Bowler,24.0,2.0,276.0,198.0,138.0,139.39,0.0,0.0,24.0,10.0,39.0,113.0,113.0,105.0,0.9292035398230089,5.58,5.0,8.0,0.0,1.0,"{'bowled': 1, 'caught': 9, 'lbw': 2}"
348,Tristan Stubbs,South Africa,All-rounder,34.0,2.0,799.0,617.0,399.5,129.5,1.0,0.0,68.0,30.0,76.0,13.0,13.0,41.0,3.1538461538461537,18.92,2.0,23.0,0.0,0.0,"{'bowled': 4, 'caught': 20, 'lbw': 3, 'stumped': 1}"
349,Tony de Zorzi,South Africa,Batter,2.0,1.0,40.0,28.0,40.0,142.86,0.0,0.0,5.0,1.0,33.0,0.0,0.0,0.0,0.0,0.0,0.0,0.0,0.0,0.0,"{'caught': 1, 'stumped': 1}"
350,Tim Robinson,New Zealand,Batter,19.0,2.0,495.0,379.0,247.5,130.61,0.0,1.0,41.0,20.0,106.0,0.0,0.0,0.0,0.0,0.0,0.0,8.0,0.0,0.0,"{'bowled': 6, 'caught': 8, 'caught and bowled': 2}"
351,Tim David,Australia,All-rounder,57.0,2.0,1594.0,971.0,797.0,164.16,0.0,1.0,126.0,102.0,102.0,169.0,169.0,257.0,1.5207100591715976,9.12,10.0,38.0,0.0,1.0,"{'bowled': 5, 'caught': 30, 'caught and bowled': 3, 'lbw': 2, 'run out': 2, 'stumped': 1}"
352,Tim Seifert,New Zealand,Batter,71.0,4.0,1864.0,1347.0,466.0,138.38,1.0,0.0,167.0,91.0,97.0,0.0,0.0,0.0,0.0,0.0,0.0,39.0,10.0,1.0,"{'bowled': 15, 'caught': 39, 'caught and bowled': 2, 'lbw': 3, 'run out': 2, 'stumped': 3}"
353,Travis Head,Australia,All-rounder,44.0,2.0,1197.0,784.0,598.5,152.68,1.0,0.0,129.0,55.0,91.0,37.0,37.0,56.0,1.5135135135135136,9.08,4.0,9.0,0.0,0.0,"{'bowled': 10, 'caught': 29, 'lbw': 1}"
354,Tony Ura,Papua New Guinea,Batter,50.0,2.0,1445.0,967.0,722.5,149.43,0.0,1.0,109.0,87.0,107.0,0.0,0.0,0.0,0.0,0.0,0.0,22.0,0.0,0.0,"{'bowled': 8, 'caught': 32, 'lbw': 2, 'stumped': 2}"
355,Tanvir Islam,Bangladesh,Bowler,3.0,1.0,12.0,17.0,12.0,70.59,0.0,0.0,1.0,0.0,8.0,103.0,103.0,140.0,1.3592233009708738,8.16,6.0,1.0,0.0,0.0,{'caught': 1}
356,Tanzid Hasan,Bangladesh,Batter,37.0,2.0,918.0,743.0,459.0,123.55,1.0,0.0,85.0,42.0,89.0,0.0,0.0,0.0,0.0,0.0,0.0,18.0,0.0,0.0,"{'bowled': 9, 'caught': 22, 'caught and bowled': 1, 'lbw': 1}"
357,Tanzim Hasan Sakib,Bangladesh,Bowler,20.0,2.0,187.0,174.0,93.5,107.47,1.0,0.0,12.0,8.0,50.0,763.0,763.0,1026.0,1.344692005242464,8.07,34.0,14.0,0.0,0.0,"{'bowled': 4, 'caught': 6, 'caught and bowled': 1, 'lbw': 1}"
358,Taskin Ahmed,Bangladesh,Bowler,36.0,2.0,221.0,224.0,110.5,98.66,0.0,0.0,19.0,8.0,31.0,1743.0,1743.0,2259.0,1.2960413080895008,7.78,78.0,7.0,0.0,1.0,"{'bowled': 4, 'caught': 7, 'hit wicket': 1, 'lbw': 3, 'run out': 6}"
359,Tayyab Tahir,Pakistan,Batter,4.0,2.0,84.0,66.0,42.0,127.27,0.0,0.0,7.0,3.0,39.0,0.0,0.0,0.0,0.0,0.0,0.0,3.0,0.0,0.0,"{'caught': 2, 'caught and bowled': 1}"
360,Tilak Varma,India,All-rounder,32.0,2.0,970.0,691.0,485.0,140.38,0.0,1.0,73.0,53.0,120.0,46.0,46.0,45.0,0.9782608695652174,5.87,5.0,27.0,0.0,0.0,"{'bowled': 3, 'caught': 16, 'caught and bowled': 1}"
361,Towhid Hridoy,Bangladesh,Batter,45.0,2.0,982.0,833.0,491.0,117.89,1.0,0.0,62.0,36.0,63.0,2.0,2.0,5.0,2.5,15.0,0.0,17.0,0.0,1.0,"{'bowled': 6, 'caught': 23, 'caught and bowled': 1, 'lbw': 7, 'run out': 2}"
362,Usman Tariq,Pakistan,Bowler,12.0,2.0,99.0,104.0,49.5,95.19,0.0,0.0,9.0,1.0,32.0,537.0,537.0,658.0,1.2253258845437616,7.35,32.0,19.0,0.0,3.0,"{'bowled': 1, 'caught': 6, 'caught and bowled': 1, 'lbw': 1}"
363,Usman Khan,Pakistan,All-rounder,42.0,2.0,694.0,607.0,347.0,114.33,1.0,0.0,68.0,15.0,63.0,453.0,453.0,479.0,1.0573951434878588,6.34,23.0,12.0,3.0,1.0,"{'bowled': 8, 'caught': 23, 'lbw': 2, 'run out': 2, 'stumped': 1}"
364,Venkatesh Iyer,India,Bowler,7.0,2.0,133.0,88.0,66.5,151.14,0.0,0.0,15.0,5.0,35.0,56.0,56.0,75.0,1.3392857142857142,8.04,4.0,4.0,0.0,0.0,"{'bowled': 1, 'caught': 3}"
365,Vikramjit Singh,Netherlands,Bowler,27.0,2.0,400.0,362.0,200.0,110.5,1.0,0.0,33.0,17.0,52.0,102.0,102.0,169.0,1.6568627450980393,9.94,7.0,11.0,0.0,0.0,"{'bowled': 6, 'caught': 16, 'lbw': 3, 'run out': 1, 'stumped': 1}"
366,Wessley Madhevere,Zimbabwe,All-rounder,65.0,2.0,1164.0,1038.0,582.0,112.14,1.0,0.0,128.0,16.0,73.0,422.0,422.0,487.0,1.1540284360189574,6.92,35.0,26.0,0.0,0.0,"{'bowled': 13, 'caught': 32, 'caught and bowled': 2, 'hit wicket': 1, 'lbw': 5, 'retired hurt': 1, 'run out': 5}"
367,Will Jacks,England,Bowler,25.0,2.0,401.0,306.0,200.5,131.05,0.0,0.0,41.0,15.0,40.0,50.0,50.0,79.0,1.58,9.48,7.0,9.0,0.0,0.0,"{'bowled': 4, 'caught': 17, 'lbw': 1, 'run out': 1}"
368,Avishka Fernando,Sri Lanka,Batter,37.0,3.0,377.0,421.0,125.66666666666667,89.55,0.0,0.0,28.0,8.0,37.0,0.0,0.0,0.0,0.0,0.0,0.0,8.0,0.0,0.0,"{'bowled': 4, 'caught': 19, 'caught and bowled': 4, 'lbw': 3, 'run out': 3, 'stumped': 1}"
369,Wellington Masakadza,Zimbabwe,Bowler,35.0,2.0,214.0,246.0,107.0,86.99,0.0,0.0,13.0,5.0,34.0,1099.0,1099.0,1323.0,1.2038216560509554,7.22,60.0,33.0,0.0,0.0,"{'bowled': 6, 'caught': 9, 'lbw': 3, 'run out': 6, 'stumped': 1}"
370,Washington Sundar,India,Bowler,22.0,2.0,254.0,201.0,127.0,126.37,1.0,0.0,21.0,13.0,50.0,938.0,938.0,1052.0,1.1215351812366738,6.73,49.0,15.0,0.0,0.0,"{'bowled': 3, 'caught': 9, 'caught and bowled': 1, 'run out': 2}"
371,Xavier Bartlett,Australia,Bowler,7.0,2.0,18.0,28.0,9.0,64.29,0.0,0.0,2.0,0.0,9.0,310.0,310.0,389.0,1.2548387096774194,7.53,15.0,8.0,0.0,0.0,"{'bowled': 2, 'caught': 1, 'caught and bowled': 1, 'run out': 1}"
372,Yashasvi Jaiswal,India,Batter,20.0,2.0,651.0,412.0,325.5,158.01,0.0,1.0,77.0,32.0,100.0,6.0,6.0,11.0,1.8333333333333333,11.0,1.0,15.0,0.0,0.0,"{'bowled': 1, 'caught': 14, 'caught and bowled': 1, 'lbw': 1, 'stumped': 1}"
373,Yuzvendra Chahal,India,Bowler,6.0,2.0,6.0,13.0,3.0,46.15,0.0,0.0,0.0,0.0,3.0,1820.0,1820.0,2431.0,1.3357142857142856,8.01,79.0,12.0,0.0,0.0,"{'bowled': 1, 'caught': 1}"
374,Zane Green,Namibia,Batter,47.0,2.0,618.0,577.0,309.0,107.11,1.0,0.0,53.0,13.0,52.0,0.0,0.0,0.0,0.0,0.0,0.0,60.0,7.0,1.0,"{'bowled': 6, 'caught': 15, 'caught and bowled': 3, 'hit wicket': 1, 'lbw': 6, 'run out': 1, 'stumped': 1}"
375,Zakary Foulkes,New Zealand,Bowler,8.0,2.0,60.0,47.0,30.0,127.66,0.0,0.0,3.0,2.0,27.0,359.0,359.0,481.0,1.33983286908078,8.04,16.0,2.0,0.0,1.0,"{'bowled': 1, 'caught': 1, 'caught and bowled': 1, 'run out': 1}"
376,Zeeshan Maqsood,Oman,All-rounder,55.0,3.0,1192.0,1022.0,397.3333333333333,116.63,0.0,1.0,119.0,42.0,102.0,1011.0,1011.0,1096.0,1.0840751730959446,6.5,57.0,11.0,0.0,0.0,"{'bowled': 2, 'caught': 37, 'caught and bowled': 4, 'lbw': 1, 'run out': 2}"
