player_name,opponent_team,matches_bat,runs,balls_bat,fours,sixes,dismissals,strike_rate,avg_bat,matches_bowl,balls_bowl,runs_conceded,wickets,economy,avg_bowl
AF Milne,Bangladesh,1.0,16.0,12.0,0.0,2.0,12.0,133.33,1.33,6.0,59.0,92.0,59.0,9.36,1.56
AF Milne,India,2.0,6.0,6.0,0.0,1.0,6.0,100.0,1.0,5.0,34.0,53.0,34.0,9.35,1.56
AF Milne,Namibia,0.0,0.0,0.0,0.0,0.0,0.0,0.0,0.0,1.0,8.0,5.0,8.0,3.75,0.62
AF Milne,Pakistan,3.0,11.0,14.0,0.0,1.0,14.0,78.57,0.79,8.0,152.0,238.0,152.0,9.39,1.57
AF Milne,Zimbabwe,0.0,0.0,0.0,0.0,0.0,0.0,0.0,0.0,1.0,2.0,0.0,2.0,0.0,0.0
Aaron Jones,Bangladesh,3.0,29.0,39.0,2.0,1.0,39.0,74.36,0.74,0.0,0.0,0.0,0.0,0.0,0.0
Aaron Jones,Canada,11.0,76.0,52.0,2.0,7.0,52.0,146.15,1.46,1.0,4.0,14.0,4.0,21.0,3.5
Aaron Jones,India,1.0,10.0,11.0,0.0,1.0,11.0,90.91,0.91,0.0,0.0,0.0,0.0,0.0,0.0
Aaron Jones,Nepal,3.0,9.0,12.0,1.0,0.0,12.0,75.0,0.75,0.0,0.0,0.0,0.0,0.0,0.0
Aaron Jones,Netherlands,2.0,5.0,8.0,0.0,0.0,8.0,62.5,0.62,0.0,0.0,0.0,0.0,0.0,0.0
Aaron Jones,Oman,3.0,19.0,15.0,0.0,2.0,15.0,126.67,1.27,0.0,0.0,0.0,0.0,0.0,0.0
Aaron Jones,Pakistan,1.0,31.0,22.0,2.0,2.0,22.0,140.91,1.41,0.0,0.0,0.0,0.0,0.0,0.0
Aaron Jones,Zimbabwe,1.0,2.0,3.0,0.0,0.0,3.0,66.67,0.67,1.0,7.0,23.0,7.0,19.71,3.29
Aasif Sheikh,Bangladesh,1.0,17.0,15.0,4.0,0.0,15.0,113.33,1.13,0.0,0.0,0.0,0.0,0.0,0.0
Aasif Sheikh,Canada,3.0,17.0,22.0,2.0,0.0,22.0,77.27,0.77,0.0,0.0,0.0,0.0,0.0,0.0
Aasif Sheikh,India,1.0,10.0,7.0,1.0,1.0,7.0,142.86,1.43,0.0,0.0,0.0,0.0,0.0,0.0
Aasif Sheikh,Netherlands,1.0,2.0,4.0,0.0,0.0,4.0,50.0,0.5,0.0,0.0,0.0,0.0,0.0,0.0
Aasif Sheikh,Oman,8.0,88.0,86.0,8.0,4.0,86.0,102.33,1.02,0.0,0.0,0.0,0.0,0.0,0.0
Aasif Sheikh,United States of America,3.0,8.0,16.0,0.0,0.0,16.0,50.0,0.5,0.0,0.0,0.0,0.0,0.0,0.0
Abbas Afridi,Bangladesh,3.0,42.0,40.0,2.0,4.0,40.0,105.0,1.05,3.0,59.0,79.0,59.0,8.03,1.34
Abbas Afridi,Ireland,0.0,0.0,0.0,0.0,0.0,0.0,0.0,0.0,1.0,1.0,0.0,1.0,0.0,0.0
Abbas Afridi,New Zealand,1.0,6.0,2.0,0.0,1.0,2.0,300.0,3.0,0.0,0.0,0.0,0.0,0.0,0.0
Abbas Afridi,Zimbabwe,1.0,4.0,4.0,1.0,0.0,4.0,100.0,1.0,3.0,15.0,19.0,15.0,7.6,1.27
Abhishek Sharma,Bangladesh,4.0,104.0,57.0,11.0,6.0,57.0,182.46,1.82,2.0,8.0,9.0,8.0,6.75,1.12
Abhishek Sharma,Oman,1.0,31.0,12.0,5.0,1.0,12.0,258.33,2.58,0.0,0.0,0.0,0.0,0.0,0.0
Abhishek Sharma,Pakistan,3.0,110.0,58.0,11.0,7.0,58.0,189.66,1.9,1.0,4.0,3.0,4.0,4.5,0.75
Abhishek Sharma,Zimbabwe,3.0,29.0,19.0,2.0,2.0,19.0,152.63,1.53,3.0,16.0,20.0,16.0,7.5,1.25
Abrar Ahmed,Bangladesh,0.0,0.0,0.0,0.0,0.0,0.0,0.0,0.0,5.0,95.0,115.0,95.0,7.26,1.21
Abrar Ahmed,India,0.0,0.0,0.0,0.0,0.0,0.0,0.0,0.0,3.0,40.0,58.0,40.0,8.7,1.45
Abrar Ahmed,Oman,0.0,0.0,0.0,0.0,0.0,0.0,0.0,0.0,1.0,7.0,8.0,7.0,6.86,1.14
Abrar Ahmed,Zimbabwe,0.0,0.0,0.0,0.0,0.0,0.0,0.0,0.0,1.0,7.0,14.0,7.0,12.0,2.0
Afif Hossain,India,2.0,6.0,15.0,0.0,0.0,15.0,40.0,0.4,1.0,5.0,8.0,5.0,9.6,1.6
Afif Hossain,Netherlands,1.0,18.0,7.0,1.0,2.0,7.0,257.14,2.57,0.0,0.0,0.0,0.0,0.0,0.0
Afif Hossain,New Zealand,2.0,3.0,3.0,0.0,0.0,3.0,100.0,1.0,0.0,0.0,0.0,0.0,0.0,0.0
Afif Hossain,Oman,1.0,1.0,5.0,0.0,0.0,5.0,20.0,0.2,0.0,0.0,0.0,0.0,0.0,0.0
Afif Hossain,Pakistan,8.0,132.0,120.0,10.0,5.0,120.0,110.0,1.1,3.0,8.0,11.0,8.0,8.25,1.38
Afif Hossain,Zimbabwe,5.0,39.0,32.0,2.0,1.0,32.0,121.88,1.22,2.0,4.0,7.0,4.0,10.5,1.75
Agha Salman,Bangladesh,7.0,129.0,118.0,15.0,2.0,118.0,109.32,1.09,4.0,36.0,53.0,36.0,8.83,1.47
Agha Salman,India,2.0,8.0,7.0,0.0,1.0,7.0,114.29,1.14,0.0,0.0,0.0,0.0,0.0,0.0
Agha Salman,Zimbabwe,2.0,10.0,16.0,1.0,0.0,16.0,62.5,0.62,1.0,2.0,2.0,2.0,6.0,1.0
Ahmed Daniyal,Bangladesh,1.0,17.0,11.0,3.0,0.0,11.0,154.55,1.55,2.0,44.0,40.0,44.0,5.45,0.91
Ali Khan,Bangladesh,0.0,0.0,0.0,0.0,0.0,0.0,0.0,0.0,2.0,40.0,59.0,40.0,8.85,1.48
Ali Khan,Canada,0.0,0.0,0.0,0.0,0.0,0.0,0.0,0.0,1.0,10.0,14.0,10.0,8.4,1.4
Ali Khan,Nepal,1.0,1.0,1.0,0.0,0.0,1.0,100.0,1.0,2.0,7.0,14.0,7.0,12.0,2.0
Ali Khan,Oman,0.0,0.0,0.0,0.0,0.0,0.0,0.0,0.0,1.0,3.0,3.0,3.0,6.0,1.0
Ali Khan,Pakistan,0.0,0.0,0.0,0.0,0.0,0.0,0.0,0.0,1.0,21.0,23.0,21.0,6.57,1.1
Aqib Ilyas,Bangladesh,1.0,6.0,7.0,1.0,0.0,7.0,85.71,0.86,1.0,5.0,4.0,5.0,4.8,0.8
Aqib Ilyas,Canada,2.0,35.0,36.0,4.0,1.0,36.0,97.22,0.97,2.0,8.0,4.0,8.0,3.0,0.5
Aqib Ilyas,Namibia,1.0,10.0,6.0,1.0,0.0,6.0,166.67,1.67,2.0,11.0,13.0,11.0,7.09,1.18
Aqib Ilyas,Nepal,4.0,19.0,21.0,0.0,1.0,21.0,90.48,0.9,4.0,25.0,26.0,25.0,6.24,1.04
Arafat Minhas,Bangladesh,0.0,0.0,0.0,0.0,0.0,0.0,0.0,0.0,1.0,3.0,6.0,3.0,12.0,2.0
Arafat Minhas,Zimbabwe,1.0,0.0,1.0,0.0,0.0,1.0,0.0,0.0,1.0,1.0,1.0,1.0,6.0,1.0
Arshdeep Singh,Bangladesh,1.0,6.0,2.0,0.0,1.0,2.0,300.0,3.0,5.0,77.0,98.0,77.0,7.64,1.27
Arshdeep Singh,Nepal,0.0,0.0,0.0,0.0,0.0,0.0,0.0,0.0,1.0,5.0,8.0,5.0,9.6,1.6
Arshdeep Singh,Netherlands,0.0,0.0,0.0,0.0,0.0,0.0,0.0,0.0,1.0,4.0,4.0,4.0,6.0,1.0
Arshdeep Singh,New Zealand,0.0,0.0,0.0,0.0,0.0,0.0,0.0,0.0,1.0,4.0,7.0,4.0,10.5,1.75
Arshdeep Singh,Pakistan,1.0,2.0,5.0,0.0,0.0,5.0,40.0,0.4,4.0,74.0,96.0,74.0,7.78,1.3
Arshdeep Singh,United States of America,0.0,0.0,0.0,0.0,0.0,0.0,0.0,0.0,1.0,8.0,2.0,8.0,1.5,0.25
Avesh Khan,Ireland,0.0,0.0,0.0,0.0,0.0,0.0,0.0,0.0,1.0,1.0,1.0,1.0,6.0,1.0
Avesh Khan,Nepal,0.0,0.0,0.0,0.0,0.0,0.0,0.0,0.0,1.0,15.0,26.0,15.0,10.4,1.73
Avesh Khan,Pakistan,0.0,0.0,0.0,0.0,0.0,0.0,0.0,0.0,1.0,11.0,18.0,11.0,9.82,1.64
Avesh Khan,Zimbabwe,1.0,2.0,4.0,0.0,0.0,4.0,50.0,0.5,3.0,19.0,24.0,19.0,7.58,1.26
Babar Azam,Bangladesh,7.0,150.0,140.0,22.0,1.0,140.0,107.14,1.07,0.0,0.0,0.0,0.0,0.0,0.0
Babar Azam,Canada,1.0,17.0,14.0,1.0,0.0,14.0,121.43,1.21,0.0,0.0,0.0,0.0,0.0,0.0
Babar Azam,India,4.0,16.0,19.0,2.0,0.0,19.0,84.21,0.84,0.0,0.0,0.0,0.0,0.0,0.0
Babar Azam,Ireland,1.0,3.0,3.0,0.0,0.0,3.0,100.0,1.0,0.0,0.0,0.0,0.0,0.0,0.0
Babar Azam,Namibia,1.0,8.0,7.0,1.0,0.0,7.0,114.29,1.14,0.0,0.0,0.0,0.0,0.0,0.0
Babar Azam,New Zealand,8.0,41.0,35.0,5.0,1.0,35.0,117.14,1.17,0.0,0.0,0.0,0.0,0.0,0.0
Babar Azam,Scotland,1.0,10.0,7.0,0.0,1.0,7.0,142.86,1.43,0.0,0.0,0.0,0.0,0.0,0.0
Babar Azam,United States of America,1.0,20.0,18.0,1.0,1.0,18.0,111.11,1.11,0.0,0.0,0.0,0.0,0.0,0.0
Babar Azam,Zimbabwe,2.0,25.0,15.0,3.0,1.0,15.0,166.67,1.67,0.0,0.0,0.0,0.0,0.0,0.0
Bilal Khan,Bangladesh,1.0,0.0,1.0,0.0,0.0,1.0,0.0,0.0,2.0,32.0,26.0,32.0,4.88,0.81
Bilal Khan,Canada,0.0,0.0,0.0,0.0,0.0,0.0,0.0,0.0,4.0,17.0,22.0,17.0,7.76,1.29
Bilal Khan,Ireland,0.0,0.0,0.0,0.0,0.0,0.0,0.0,0.0,1.0,2.0,2.0,2.0,6.0,1.0
Bilal Khan,Namibia,1.0,1.0,3.0,0.0,0.0,3.0,33.33,0.33,4.0,35.0,46.0,35.0,7.89,1.31
Bilal Khan,Nepal,1.0,0.0,1.0,0.0,0.0,1.0,0.0,0.0,5.0,47.0,39.0,47.0,4.98,0.83
Faheem Ashraf,Bangladesh,6.0,86.0,63.0,6.0,5.0,63.0,136.51,1.37,7.0,110.0,144.0,110.0,7.85,1.31
Faheem Ashraf,India,2.0,6.0,9.0,1.0,0.0,9.0,66.67,0.67,2.0,33.0,46.0,33.0,8.36,1.39
Faheem Ashraf,New Zealand,3.0,25.0,15.0,2.0,2.0,15.0,166.67,1.67,0.0,0.0,0.0,0.0,0.0,0.0
Faheem Ashraf,Oman,1.0,8.0,4.0,1.0,0.0,4.0,200.0,2.0,1.0,3.0,0.0,3.0,0.0,0.0
Faheem Ashraf,Zimbabwe,0.0,0.0,0.0,0.0,0.0,0.0,0.0,0.0,1.0,5.0,2.0,5.0,2.4,0.4
Fakhar Zaman,Bangladesh,6.0,135.0,132.0,14.0,4.0,132.0,102.27,1.02,0.0,0.0,0.0,0.0,0.0,0.0
Fakhar Zaman,India,5.0,30.0,28.0,2.0,1.0,28.0,107.14,1.07,0.0,0.0,0.0,0.0,0.0,0.0
Fakhar Zaman,New Zealand,4.0,30.0,22.0,3.0,2.0,22.0,136.36,1.36,0.0,0.0,0.0,0.0,0.0,0.0
Fakhar Zaman,Oman,1.0,4.0,5.0,0.0,0.0,5.0,80.0,0.8,0.0,0.0,0.0,0.0,0.0,0.0
Fakhar Zaman,Scotland,2.0,12.0,7.0,1.0,1.0,7.0,171.43,1.71,0.0,0.0,0.0,0.0,0.0,0.0
Fakhar Zaman,United States of America,1.0,3.0,3.0,0.0,0.0,3.0,100.0,1.0,0.0,0.0,0.0,0.0,0.0,0.0
Fayyaz Butt,Bangladesh,1.0,0.0,2.0,0.0,0.0,2.0,0.0,0.0,1.0,14.0,17.0,14.0,7.29,1.21
Fayyaz Butt,Canada,0.0,0.0,0.0,0.0,0.0,0.0,0.0,0.0,2.0,12.0,11.0,12.0,5.5,0.92
Fayyaz Butt,Namibia,1.0,0.0,3.0,0.0,0.0,3.0,0.0,0.0,3.0,14.0,21.0,14.0,9.0,1.5
Fayyaz Butt,Nepal,1.0,16.0,5.0,2.0,1.0,5.0,320.0,3.2,3.0,17.0,34.0,17.0,12.0,2.0
GH Dockrell,Bangladesh,2.0,1.0,2.0,0.0,0.0,2.0,50.0,0.5,0.0,0.0,0.0,0.0,0.0,0.0
GH Dockrell,Canada,1.0,6.0,6.0,0.0,0.0,6.0,100.0,1.0,1.0,7.0,4.0,7.0,3.43,0.57
GH Dockrell,India,7.0,35.0,21.0,2.0,3.0,21.0,166.67,1.67,1.0,9.0,14.0,9.0,9.33,1.56
GH Dockrell,Nepal,0.0,0.0,0.0,0.0,0.0,0.0,0.0,0.0,1.0,4.0,7.0,4.0,10.5,1.75
GH Dockrell,Oman,2.0,17.0,10.0,1.0,1.0,10.0,170.0,1.7,2.0,9.0,9.0,9.0,6.0,1.0
GH Dockrell,Pakistan,4.0,40.0,24.0,5.0,2.0,24.0,166.67,1.67,1.0,6.0,5.0,6.0,5.0,0.83
GH Dockrell,Zimbabwe,3.0,1.0,4.0,0.0,0.0,4.0,25.0,0.25,1.0,2.0,4.0,2.0,12.0,2.0
Hamza Tahir,Namibia,0.0,0.0,0.0,0.0,0.0,0.0,0.0,0.0,1.0,5.0,1.0,5.0,1.2,0.2
Hamza Tahir,Pakistan,0.0,0.0,0.0,0.0,0.0,0.0,0.0,0.0,2.0,23.0,30.0,23.0,7.83,1.3
Haris Rauf,Bangladesh,1.0,3.0,3.0,0.0,0.0,3.0,100.0,1.0,10.0,139.0,187.0,139.0,8.07,1.35
Haris Rauf,Canada,0.0,0.0,0.0,0.0,0.0,0.0,0.0,0.0,1.0,14.0,10.0,14.0,4.29,0.71
Haris Rauf,India,1.0,13.0,7.0,2.0,0.0,7.0,185.71,1.86,4.0,40.0,59.0,40.0,8.85,1.48
Haris Rauf,Namibia,0.0,0.0,0.0,0.0,0.0,0.0,0.0,0.0,1.0,2.0,0.0,2.0,0.0,0.0
Haris Rauf,New Zealand,1.0,1.0,1.0,0.0,0.0,1.0,100.0,1.0,3.0,8.0,3.0,8.0,2.25,0.38
Haris Rauf,United States of America,1.0,1.0,1.0,0.0,0.0,1.0,100.0,1.0,1.0,9.0,15.0,9.0,10.0,1.67
Haris Rauf,Zimbabwe,0.0,0.0,0.0,0.0,0.0,0.0,0.0,0.0,3.0,14.0,14.0,14.0,6.0,1.0
Harmeet Singh,Bangladesh,2.0,27.0,13.0,1.0,3.0,13.0,207.69,2.08,2.0,17.0,20.0,17.0,7.06,1.18
Harmeet Singh,Canada,1.0,5.0,5.0,0.0,0.0,5.0,100.0,1.0,6.0,34.0,33.0,34.0,5.82,0.97
Harmeet Singh,India,1.0,1.0,4.0,0.0,0.0,4.0,25.0,0.25,0.0,0.0,0.0,0.0,0.0,0.0
Harmeet Singh,Namibia,0.0,0.0,0.0,0.0,0.0,0.0,0.0,0.0,2.0,6.0,15.0,6.0,15.0,2.5
Harmeet Singh,Nepal,2.0,12.0,5.0,0.0,1.0,5.0,240.0,2.4,2.0,19.0,24.0,19.0,7.58,1.26
Harmeet Singh,Netherlands,1.0,2.0,3.0,0.0,0.0,3.0,66.67,0.67,0.0,0.0,0.0,0.0,0.0,0.0
Harmeet Singh,Oman,0.0,0.0,0.0,0.0,0.0,0.0,0.0,0.0,1.0,5.0,4.0,5.0,4.8,0.8
Harmeet Singh,Pakistan,0.0,0.0,0.0,0.0,0.0,0.0,0.0,0.0,1.0,23.0,36.0,23.0,9.39,1.57
Hasan Ali,Bangladesh,1.0,1.0,1.0,0.0,0.0,1.0,100.0,1.0,4.0,76.0,108.0,76.0,8.53,1.42
Hasan Ali,Namibia,0.0,0.0,0.0,0.0,0.0,0.0,0.0,0.0,1.0,1.0,1.0,1.0,6.0,1.0
Hasan Mahmud,India,0.0,0.0,0.0,0.0,0.0,0.0,0.0,0.0,1.0,3.0,10.0,3.0,20.0,3.33
Hasan Mahmud,Netherlands,0.0,0.0,0.0,0.0,0.0,0.0,0.0,0.0,1.0,2.0,1.0,2.0,3.0,0.5
Hasan Mahmud,Pakistan,2.0,17.0,21.0,0.0,1.0,21.0,80.95,0.81,5.0,93.0,147.0,93.0,9.48,1.58
Hasan Mahmud,United States of America,0.0,0.0,0.0,0.0,0.0,0.0,0.0,0.0,1.0,11.0,13.0,11.0,7.09,1.18
Hasan Mahmud,Zimbabwe,0.0,0.0,0.0,0.0,0.0,0.0,0.0,0.0,1.0,12.0,13.0,12.0,6.5,1.08
Hussain Talat,Bangladesh,2.0,4.0,11.0,0.0,0.0,11.0,36.36,0.36,1.0,20.0,36.0,20.0,10.8,1.8
Hussain Talat,India,1.0,0.0,1.0,0.0,0.0,1.0,0.0,0.0,0.0,0.0,0.0,0.0,0.0,0.0
Hussain Talat,Scotland,1.0,7.0,3.0,1.0,0.0,3.0,233.33,2.33,0.0,0.0,0.0,0.0,0.0,0.0
Irfan Khan,Zimbabwe,1.0,4.0,4.0,0.0,0.0,4.0,100.0,1.0,0.0,0.0,0.0,0.0,0.0,0.0
Ishan Kishan,New Zealand,3.0,29.0,22.0,6.0,0.0,22.0,131.82,1.32,0.0,0.0,0.0,0.0,0.0,0.0
JJ Smit,Canada,1.0,13.0,6.0,1.0,1.0,6.0,216.67,2.17,2.0,4.0,4.0,4.0,6.0,1.0
JJ Smit,India,0.0,0.0,0.0,0.0,0.0,0.0,0.0,0.0,1.0,6.0,10.0,6.0,10.0,1.67
JJ Smit,Nepal,1.0,43.0,20.0,5.0,2.0,20.0,215.0,2.15,0.0,0.0,0.0,0.0,0.0,0.0
JJ Smit,Netherlands,0.0,0.0,0.0,0.0,0.0,0.0,0.0,0.0,1.0,2.0,5.0,2.0,15.0,2.5
JJ Smit,New Zealand,1.0,4.0,8.0,1.0,0.0,8.0,50.0,0.5,0.0,0.0,0.0,0.0,0.0,0.0
JJ Smit,Oman,2.0,31.0,20.0,3.0,1.0,20.0,155.0,1.55,1.0,17.0,11.0,17.0,3.88,0.65
JJ Smit,Pakistan,1.0,2.0,5.0,0.0,0.0,5.0,40.0,0.4,1.0,18.0,39.0,18.0,13.0,2.17
JJ Smit,Scotland,1.0,1.0,5.0,0.0,0.0,5.0,20.0,0.2,0.0,0.0,0.0,0.0,0.0,0.0
JJ Smit,Uganda,6.0,28.0,24.0,2.0,1.0,24.0,116.67,1.17,2.0,3.0,2.0,3.0,4.0,0.67
JJ Smit,United States of America,2.0,8.0,4.0,0.0,1.0,4.0,200.0,2.0,0.0,0.0,0.0,0.0,0.0,0.0
JJ Smit,Zimbabwe,4.0,22.0,10.0,0.0,3.0,10.0,220.0,2.2,6.0,31.0,39.0,31.0,7.55,1.26
JP Kotze,Canada,3.0,21.0,15.0,3.0,1.0,15.0,140.0,1.4,0.0,0.0,0.0,0.0,0.0,0.0
JP Kotze,Nepal,1.0,16.0,13.0,3.0,0.0,13.0,123.08,1.23,0.0,0.0,0.0,0.0,0.0,0.0
JP Kotze,Oman,6.0,122.0,95.0,17.0,4.0,95.0,128.42,1.28,0.0,0.0,0.0,0.0,0.0,0.0
JP Kotze,Uganda,2.0,16.0,14.0,1.0,1.0,14.0,114.29,1.14,0.0,0.0,0.0,0.0,0.0,0.0
JP Kotze,United States of America,1.0,13.0,8.0,2.0,0.0,8.0,162.5,1.62,0.0,0.0,0.0,0.0,0.0,0.0
JP Kotze,Zimbabwe,3.0,11.0,13.0,1.0,0.0,13.0,84.62,0.85,0.0,0.0,0.0,0.0,0.0,0.0
Jahandad Khan,Zimbabwe,0.0,0.0,0.0,0.0,0.0,0.0,0.0,0.0,2.0,7.0,5.0,7.0,4.29,0.71
Jaker Ali,India,2.0,18.0,18.0,0.0,1.0,18.0,100.0,1.0,0.0,0.0,0.0,0.0,0.0,0.0
Jaker Ali,Pakistan,7.0,127.0,100.0,6.0,9.0,100.0,127.0,1.27,0.0,0.0,0.0,0.0,0.0,0.0
Jaker Ali,United States of America,1.0,8.0,5.0,2.0,0.0,5.0,160.0,1.6,0.0,0.0,0.0,0.0,0.0,0.0
Jaker Ali,Zimbabwe,2.0,19.0,11.0,1.0,1.0,11.0,172.73,1.73,0.0,0.0,0.0,0.0,0.0,0.0
KL Rahul,Bangladesh,5.0,65.0,47.0,4.0,4.0,47.0,138.3,1.38,0.0,0.0,0.0,0.0,0.0,0.0
KL Rahul,Ireland,1.0,14.0,9.0,0.0,1.0,9.0,155.56,1.56,0.0,0.0,0.0,0.0,0.0,0.0
KL Rahul,Namibia,1.0,10.0,6.0,1.0,0.0,6.0,166.67,1.67,0.0,0.0,0.0,0.0,0.0,0.0
KL Rahul,New Zealand,2.0,23.0,12.0,3.0,1.0,12.0,191.67,1.92,0.0,0.0,0.0,0.0,0.0,0.0
KL Rahul,Pakistan,4.0,33.0,33.0,1.0,2.0,33.0,100.0,1.0,0.0,0.0,0.0,0.0,0.0,0.0
KL Rahul,Zimbabwe,2.0,11.0,9.0,0.0,1.0,9.0,122.22,1.22,0.0,0.0,0.0,0.0,0.0,0.0
Kaleem Sana,Ireland,0.0,0.0,0.0,0.0,0.0,0.0,0.0,0.0,1.0,2.0,2.0,2.0,6.0,1.0
Kaleem Sana,Namibia,0.0,0.0,0.0,0.0,0.0,0.0,0.0,0.0,3.0,17.0,24.0,17.0,8.47,1.41
Kaleem Sana,Nepal,0.0,0.0,0.0,0.0,0.0,0.0,0.0,0.0,3.0,19.0,19.0,19.0,6.0,1.0
Kaleem Sana,Netherlands,0.0,0.0,0.0,0.0,0.0,0.0,0.0,0.0,1.0,6.0,9.0,6.0,9.0,1.5
Kaleem Sana,Oman,1.0,2.0,4.0,0.0,0.0,4.0,50.0,0.5,6.0,55.0,62.0,55.0,6.76,1.13
Kaleem Sana,Pakistan,1.0,12.0,10.0,0.0,1.0,10.0,120.0,1.2,1.0,19.0,21.0,19.0,6.63,1.11
Kaleem Sana,United States of America,0.0,0.0,0.0,0.0,0.0,0.0,0.0,0.0,4.0,33.0,43.0,33.0,7.82,1.3
Kaleemullah,Bangladesh,1.0,4.0,5.0,1.0,0.0,5.0,80.0,0.8,1.0,17.0,17.0,17.0,6.0,1.0
Kaleemullah,Canada,2.0,4.0,8.0,0.0,0.0,8.0,50.0,0.5,3.0,14.0,8.0,14.0,3.43,0.57
Kaleemullah,Ireland,0.0,0.0,0.0,0.0,0.0,0.0,0.0,0.0,1.0,6.0,13.0,6.0,13.0,2.17
Kaleemullah,Namibia,0.0,0.0,0.0,0.0,0.0,0.0,0.0,0.0,4.0,33.0,44.0,33.0,8.0,1.33
Kaleemullah,Nepal,2.0,3.0,7.0,0.0,0.0,7.0,42.86,0.43,5.0,30.0,46.0,30.0,9.2,1.53
Karan KC,Canada,1.0,5.0,2.0,1.0,0.0,2.0,250.0,2.5,1.0,12.0,26.0,12.0,13.0,2.17
Karan KC,India,1.0,12.0,7.0,1.0,1.0,7.0,171.43,1.71,0.0,0.0,0.0,0.0,0.0,0.0
Karan KC,Ireland,1.0,1.0,1.0,0.0,0.0,1.0,100.0,1.0,0.0,0.0,0.0,0.0,0.0,0.0
Karan KC,Namibia,0.0,0.0,0.0,0.0,0.0,0.0,0.0,0.0,1.0,7.0,17.0,7.0,14.57,2.43
Karan KC,Netherlands,1.0,6.0,2.0,0.0,1.0,2.0,300.0,3.0,1.0,8.0,9.0,8.0,6.75,1.12
Karan KC,Oman,3.0,41.0,24.0,3.0,3.0,24.0,170.83,1.71,4.0,43.0,76.0,43.0,10.6,1.77
Karan KC,United States of America,1.0,6.0,1.0,0.0,1.0,1.0,600.0,6.0,2.0,18.0,26.0,18.0,8.67,1.44
Khushdil Shah,Bangladesh,5.0,60.0,82.0,5.0,1.0,82.0,73.17,0.73,3.0,28.0,42.0,28.0,9.0,1.5
Khushdil Shah,India,2.0,6.0,9.0,0.0,0.0,9.0,66.67,0.67,0.0,0.0,0.0,0.0,0.0,0.0
Kuldeep Yadav,Bangladesh,0.0,0.0,0.0,0.0,0.0,0.0,0.0,0.0,2.0,33.0,21.0,33.0,3.82,0.64
Kuldeep Yadav,Ireland,0.0,0.0,0.0,0.0,0.0,0.0,0.0,0.0,2.0,6.0,8.0,6.0,8.0,1.33
Kuldeep Yadav,Pakistan,0.0,0.0,0.0,0.0,0.0,0.0,0.0,0.0,3.0,74.0,78.0,74.0,6.32,1.05
Kushal Malla,Bangladesh,1.0,9.0,26.0,0.0,0.0,26.0,34.62,0.35,0.0,0.0,0.0,0.0,0.0,0.0
Kushal Malla,Canada,3.0,2.0,8.0,0.0,0.0,8.0,25.0,0.25,0.0,0.0,0.0,0.0,0.0,0.0
Kushal Malla,India,1.0,21.0,18.0,2.0,1.0,18.0,116.67,1.17,0.0,0.0,0.0,0.0,0.0,0.0
Kushal Malla,Netherlands,0.0,0.0,0.0,0.0,0.0,0.0,0.0,0.0,1.0,5.0,20.0,5.0,24.0,4.0
Kushal Malla,Oman,5.0,54.0,62.0,3.0,1.0,62.0,87.1,0.87,2.0,6.0,10.0,6.0,10.0,1.67
Kushal Malla,United States of America,1.0,18.0,9.0,1.0,1.0,9.0,200.0,2.0,1.0,3.0,6.0,3.0,12.0,2.0
Liton Das,England,1.0,14.0,11.0,2.0,0.0,11.0,127.27,1.27,0.0,0.0,0.0,0.0,0.0,0.0
Liton Das,India,10.0,63.0,51.0,10.0,0.0,51.0,123.53,1.24,0.0,0.0,0.0,0.0,0.0,0.0
Liton Das,Nepal,1.0,1.0,6.0,0.0,0.0,6.0,16.67,0.17,0.0,0.0,0.0,0.0,0.0,0.0
Liton Das,Netherlands,2.0,13.0,8.0,2.0,0.0,8.0,162.5,1.62,0.0,0.0,0.0,0.0,0.0,0.0
Liton Das,New Zealand,2.0,12.0,6.0,2.0,0.0,6.0,200.0,2.0,0.0,0.0,0.0,0.0,0.0,0.0
Liton Das,Oman,1.0,6.0,7.0,0.0,0.0,7.0,85.71,0.86,0.0,0.0,0.0,0.0,0.0,0.0
Liton Das,Pakistan,11.0,203.0,166.0,13.0,8.0,166.0,122.29,1.22,0.0,0.0,0.0,0.0,0.0,0.0
Liton Das,United States of America,1.0,5.0,6.0,1.0,0.0,6.0,83.33,0.83,0.0,0.0,0.0,0.0,0.0,0.0
Liton Das,Zimbabwe,3.0,32.0,22.0,4.0,1.0,22.0,145.45,1.45,0.0,0.0,0.0,0.0,0.0,0.0
Mahedi Hasan,India,1.0,1.0,1.0,0.0,0.0,1.0,100.0,1.0,1.0,3.0,4.0,3.0,8.0,1.33
Mahedi Hasan,Netherlands,0.0,0.0,0.0,0.0,0.0,0.0,0.0,0.0,2.0,19.0,17.0,19.0,5.37,0.89
Mahedi Hasan,New Zealand,2.0,17.0,8.0,1.0,1.0,8.0,212.5,2.12,0.0,0.0,0.0,0.0,0.0,0.0
Mahedi Hasan,Oman,1.0,0.0,4.0,0.0,0.0,4.0,0.0,0.0,1.0,9.0,3.0,9.0,2.0,0.33
Mahedi Hasan,Pakistan,8.0,84.0,71.0,4.0,5.0,71.0,118.31,1.18,9.0,174.0,212.0,174.0,7.31,1.22
Mahedi Hasan,United States of America,0.0,0.0,0.0,0.0,0.0,0.0,0.0,0.0,1.0,3.0,3.0,3.0,6.0,1.0
Mahedi Hasan,Zimbabwe,0.0,0.0,0.0,0.0,0.0,0.0,0.0,0.0,5.0,23.0,11.0,23.0,2.87,0.48
Milind Kumar,Bangladesh,1.0,5.0,17.0,0.0,0.0,17.0,29.41,0.29,1.0,24.0,29.0,24.0,7.25,1.21
Milind Kumar,Canada,4.0,27.0,36.0,1.0,1.0,36.0,75.0,0.75,1.0,4.0,4.0,4.0,6.0,1.0
Milind Kumar,Namibia,0.0,0.0,0.0,0.0,0.0,0.0,0.0,0.0,1.0,6.0,6.0,6.0,6.0,1.0
Milind Kumar,Nepal,3.0,27.0,25.0,2.0,0.0,25.0,108.0,1.08,0.0,0.0,0.0,0.0,0.0,0.0
Milind Kumar,Oman,2.0,7.0,7.0,1.0,0.0,7.0,100.0,1.0,0.0,0.0,0.0,0.0,0.0,0.0
Mohammad Haris,Bangladesh,8.0,196.0,126.0,17.0,9.0,126.0,155.56,1.56,0.0,0.0,0.0,0.0,0.0,0.0
Mohammad Haris,India,1.0,0.0,1.0,0.0,0.0,1.0,0.0,0.0,0.0,0.0,0.0,0.0,0.0,0.0
Mohammad Haris,Oman,1.0,10.0,13.0,1.0,0.0,13.0,76.92,0.77,0.0,0.0,0.0,0.0,0.0,0.0
Mohammad Hasnain,Bangladesh,0.0,0.0,0.0,0.0,0.0,0.0,0.0,0.0,3.0,40.0,48.0,40.0,7.2,1.2
Mohammad Hasnain,India,0.0,0.0,0.0,0.0,0.0,0.0,0.0,0.0,1.0,3.0,4.0,3.0,8.0,1.33
Mohammad Nadeem,Bangladesh,1.0,13.0,13.0,1.0,1.0,13.0,100.0,1.0,1.0,10.0,13.0,10.0,7.8,1.3
Mohammad Nadeem,Canada,3.0,19.0,21.0,0.0,1.0,21.0,90.48,0.9,2.0,5.0,8.0,5.0,9.6,1.6
Mohammad Nadeem,India,0.0,0.0,0.0,0.0,0.0,0.0,0.0,0.0,1.0,7.0,19.0,7.0,16.29,2.71
Mohammad Nadeem,Ireland,2.0,8.0,7.0,0.0,0.0,7.0,114.29,1.14,1.0,2.0,2.0,2.0,6.0,1.0
Mohammad Nadeem,Namibia,1.0,0.0,5.0,0.0,0.0,5.0,0.0,0.0,3.0,18.0,33.0,18.0,11.0,1.83
Mohammad Nadeem,Nepal,2.0,10.0,4.0,2.0,0.0,4.0,250.0,2.5,2.0,9.0,9.0,9.0,6.0,1.0
Mohammad Nadeem,Pakistan,1.0,3.0,7.0,0.0,0.0,7.0,42.86,0.43,1.0,19.0,23.0,19.0,7.26,1.21
Mohammad Nadeem,United States of America,1.0,2.0,3.0,0.0,0.0,3.0,66.67,0.67,1.0,4.0,13.0,4.0,19.5,3.25
Mohammad Naim,India,3.0,42.0,35.0,3.0,1.0,35.0,120.0,1.2,0.0,0.0,0.0,0.0,0.0,0.0
Mohammad Naim,New Zealand,2.0,20.0,12.0,1.0,2.0,12.0,166.67,1.67,0.0,0.0,0.0,0.0,0.0,0.0
Mohammad Naim,Oman,1.0,64.0,53.0,3.0,4.0,53.0,120.75,1.21,0.0,0.0,0.0,0.0,0.0,0.0
Mohammad Naim,Pakistan,7.0,61.0,80.0,3.0,2.0,80.0,76.25,0.76,0.0,0.0,0.0,0.0,0.0,0.0
Mohammad Naim,Zimbabwe,4.0,16.0,12.0,2.0,0.0,12.0,133.33,1.33,0.0,0.0,0.0,0.0,0.0,0.0
Mohammad Nawaz,Bangladesh,8.0,112.0,75.0,7.0,7.0,75.0,149.33,1.49,9.0,117.0,121.0,117.0,6.21,1.03
Mohammad Nawaz,India,4.0,16.0,13.0,1.0,1.0,13.0,123.08,1.23,3.0,19.0,27.0,19.0,8.53,1.42
Mohammad Nawaz,New Zealand,1.0,18.0,9.0,0.0,3.0,9.0,200.0,2.0,0.0,0.0,0.0,0.0,0.0,0.0
Mohammad Nawaz,Oman,0.0,0.0,0.0,0.0,0.0,0.0,0.0,0.0,1.0,2.0,1.0,2.0,3.0,0.5
Mohammad Nawaz,Zimbabwe,1.0,4.0,4.0,1.0,0.0,4.0,100.0,1.0,0.0,0.0,0.0,0.0,0.0,0.0
Mohammad Rizwan,Bangladesh,7.0,207.0,189.0,16.0,3.0,189.0,109.52,1.1,0.0,0.0,0.0,0.0,0.0,0.0
Mohammad Rizwan,Canada,1.0,16.0,20.0,1.0,0.0,20.0,80.0,0.8,0.0,0.0,0.0,0.0,0.0,0.0
Mohammad Rizwan,India,4.0,53.0,54.0,4.0,2.0,54.0,98.15,0.98,0.0,0.0,0.0,0.0,0.0,0.0
Mohammad Rizwan,Ireland,1.0,2.0,3.0,0.0,0.0,3.0,66.67,0.67,0.0,0.0,0.0,0.0,0.0,0.0
Mohammad Rizwan,Namibia,1.0,31.0,11.0,5.0,1.0,11.0,281.82,2.82,0.0,0.0,0.0,0.0,0.0,0.0
Mohammad Rizwan,New Zealand,6.0,75.0,46.0,9.0,3.0,46.0,163.04,1.63,0.0,0.0,0.0,0.0,0.0,0.0
Mohammad Rizwan,Scotland,1.0,1.0,6.0,0.0,0.0,6.0,16.67,0.17,0.0,0.0,0.0,0.0,0.0,0.0
Mohammad Rizwan,Zimbabwe,1.0,9.0,4.0,0.0,1.0,4.0,225.0,2.25,0.0,0.0,0.0,0.0,0.0,0.0
Mohammad Saifuddin,India,1.0,3.0,2.0,0.0,0.0,2.0,150.0,1.5,1.0,11.0,32.0,11.0,17.45,2.91
Mohammad Saifuddin,Oman,1.0,0.0,1.0,0.0,0.0,1.0,0.0,0.0,1.0,9.0,6.0,9.0,4.0,0.67
Mohammad Saifuddin,Pakistan,1.0,35.0,36.0,2.0,2.0,36.0,97.22,0.97,2.0,52.0,80.0,52.0,9.23,1.54
Mohammad Saifuddin,Zimbabwe,0.0,0.0,0.0,0.0,0.0,0.0,0.0,0.0,4.0,25.0,54.0,25.0,12.96,2.16
Mohammed Siraj,Bangladesh,0.0,0.0,0.0,0.0,0.0,0.0,0.0,0.0,1.0,2.0,3.0,2.0,9.0,1.5
Mohammed Siraj,Ireland,0.0,0.0,0.0,0.0,0.0,0.0,0.0,0.0,1.0,4.0,2.0,4.0,3.0,0.5
Mohammed Siraj,New Zealand,0.0,0.0,0.0,0.0,0.0,0.0,0.0,0.0,2.0,2.0,0.0,2.0,0.0,0.0
Mohammed Siraj,Pakistan,1.0,7.0,7.0,0.0,0.0,7.0,100.0,1.0,1.0,18.0,11.0,18.0,3.67,0.61
Mohammed Siraj,United States of America,0.0,0.0,0.0,0.0,0.0,0.0,0.0,0.0,1.0,8.0,9.0,8.0,6.75,1.12
Mukesh Kumar,Zimbabwe,1.0,0.0,2.0,0.0,0.0,2.0,0.0,0.0,0.0,0.0,0.0,0.0,0.0,0.0
Mustafizur Rahman,England,0.0,0.0,0.0,0.0,0.0,0.0,0.0,0.0,1.0,8.0,5.0,8.0,3.75,0.62
Mustafizur Rahman,India,2.0,0.0,3.0,0.0,0.0,3.0,0.0,0.0,6.0,21.0,36.0,21.0,10.29,1.71
Mustafizur Rahman,Nepal,0.0,0.0,0.0,0.0,0.0,0.0,0.0,0.0,1.0,13.0,5.0,13.0,2.31,0.38
Mustafizur Rahman,Netherlands,0.0,0.0,0.0,0.0,0.0,0.0,0.0,0.0,3.0,13.0,7.0,13.0,3.23,0.54
Mustafizur Rahman,New Zealand,1.0,1.0,1.0,0.0,0.0,1.0,100.0,1.0,1.0,2.0,1.0,2.0,3.0,0.5
Mustafizur Rahman,Oman,1.0,2.0,3.0,0.0,0.0,3.0,66.67,0.67,1.0,19.0,18.0,19.0,5.68,0.95
Mustafizur Rahman,Pakistan,2.0,6.0,5.0,1.0,0.0,5.0,120.0,1.2,8.0,157.0,173.0,157.0,6.61,1.1
Mustafizur Rahman,United States of America,1.0,0.0,1.0,0.0,0.0,1.0,0.0,0.0,3.0,26.0,26.0,26.0,6.0,1.0
Mustafizur Rahman,Zimbabwe,0.0,0.0,0.0,0.0,0.0,0.0,0.0,0.0,6.0,47.0,66.0,47.0,8.43,1.4
Naseem Khushi,Bangladesh,1.0,3.0,3.0,0.0,0.0,3.0,100.0,1.0,0.0,0.0,0.0,0.0,0.0,0.0
Naseem Khushi,Canada,1.0,12.0,12.0,0.0,1.0,12.0,100.0,1.0,0.0,0.0,0.0,0.0,0.0,0.0
Naseem Khushi,Ireland,1.0,1.0,2.0,0.0,0.0,2.0,50.0,0.5,0.0,0.0,0.0,0.0,0.0,0.0
Naseem Khushi,Nepal,3.0,7.0,8.0,0.0,1.0,8.0,87.5,0.88,0.0,0.0,0.0,0.0,0.0,0.0
Naseem Shah,Bangladesh,0.0,0.0,0.0,0.0,0.0,0.0,0.0,0.0,2.0,25.0,28.0,25.0,6.72,1.12
Naseem Shah,Canada,0.0,0.0,0.0,0.0,0.0,0.0,0.0,0.0,1.0,7.0,11.0,7.0,9.43,1.57
Naseem Shah,India,1.0,10.0,4.0,2.0,0.0,4.0,250.0,2.5,4.0,17.0,18.0,17.0,6.35,1.06
Naseem Shah,Ireland,0.0,0.0,0.0,0.0,0.0,0.0,0.0,0.0,2.0,6.0,7.0,6.0,7.0,1.17
Naseem Shah,United States of America,0.0,0.0,0.0,0.0,0.0,0.0,0.0,0.0,1.0,4.0,4.0,4.0,6.0,1.0
Naseem Shah,Zimbabwe,0.0,0.0,0.0,0.0,0.0,0.0,0.0,0.0,1.0,2.0,5.0,2.0,15.0,2.5
Nasum Ahmed,India,1.0,2.0,2.0,0.0,0.0,2.0,100.0,1.0,1.0,15.0,30.0,15.0,12.0,2.0
Nasum Ahmed,Ireland,0.0,0.0,0.0,0.0,0.0,0.0,0.0,0.0,1.0,1.0,1.0,1.0,6.0,1.0
Nasum Ahmed,Netherlands,0.0,0.0,0.0,0.0,0.0,0.0,0.0,0.0,1.0,7.0,13.0,7.0,11.14,1.86
Nasum Ahmed,Pakistan,2.0,20.0,19.0,3.0,0.0,19.0,105.26,1.05,4.0,79.0,66.0,79.0,5.01,0.84
Nasum Ahmed,Zimbabwe,0.0,0.0,0.0,0.0,0.0,0.0,0.0,0.0,1.0,2.0,0.0,2.0,0.0,0.0
Nurul Hasan,India,1.0,24.0,11.0,2.0,1.0,11.0,218.18,2.18,0.0,0.0,0.0,0.0,0.0,0.0
Nurul Hasan,Netherlands,1.0,1.0,2.0,0.0,0.0,2.0,50.0,0.5,0.0,0.0,0.0,0.0,0.0,0.0
Nurul Hasan,New Zealand,1.0,0.0,1.0,0.0,0.0,1.0,0.0,0.0,0.0,0.0,0.0,0.0,0.0,0.0
Nurul Hasan,Oman,1.0,3.0,4.0,0.0,0.0,4.0,75.0,0.75,0.0,0.0,0.0,0.0,0.0,0.0
Nurul Hasan,Pakistan,5.0,43.0,55.0,1.0,2.0,55.0,78.18,0.78,0.0,0.0,0.0,0.0,0.0,0.0
Nurul Hasan,Zimbabwe,2.0,5.0,8.0,0.0,0.0,8.0,62.5,0.62,0.0,0.0,0.0,0.0,0.0,0.0
Omair Yousuf,Zimbabwe,1.0,8.0,6.0,2.0,0.0,6.0,133.33,1.33,0.0,0.0,0.0,0.0,0.0,0.0
Pargat Singh,Oman,2.0,0.0,5.0,0.0,0.0,5.0,0.0,0.0,2.0,19.0,27.0,19.0,8.53,1.42
Pargat Singh,Pakistan,1.0,1.0,2.0,0.0,0.0,2.0,50.0,0.5,0.0,0.0,0.0,0.0,0.0,0.0
Pargat Singh,United States of America,5.0,23.0,27.0,3.0,0.0,27.0,85.19,0.85,1.0,3.0,8.0,3.0,16.0,2.67
Parvez Hossain Emon,India,4.0,32.0,42.0,3.0,1.0,42.0,76.19,0.76,0.0,0.0,0.0,0.0,0.0,0.0
Parvez Hossain Emon,Pakistan,6.0,147.0,103.0,13.0,10.0,103.0,142.72,1.43,0.0,0.0,0.0,0.0,0.0,0.0
Pratis GC,Namibia,0.0,0.0,0.0,0.0,0.0,0.0,0.0,0.0,1.0,10.0,20.0,10.0,12.0,2.0
Pratis GC,Netherlands,0.0,0.0,0.0,0.0,0.0,0.0,0.0,0.0,1.0,5.0,4.0,5.0,4.8,0.8
Qasim Akram,Zimbabwe,1.0,7.0,6.0,1.0,0.0,6.0,116.67,1.17,0.0,0.0,0.0,0.0,0.0,0.0
Ravi Bishnoi,Bangladesh,0.0,0.0,0.0,0.0,0.0,0.0,0.0,0.0,2.0,37.0,51.0,37.0,8.27,1.38
Ravi Bishnoi,Ireland,0.0,0.0,0.0,0.0,0.0,0.0,0.0,0.0,3.0,7.0,22.0,7.0,18.86,3.14
Ravi Bishnoi,Nepal,0.0,0.0,0.0,0.0,0.0,0.0,0.0,0.0,1.0,13.0,13.0,13.0,6.0,1.0
Ravi Bishnoi,Pakistan,1.0,8.0,2.0,2.0,0.0,2.0,400.0,4.0,1.0,23.0,24.0,23.0,6.26,1.04
Ravi Bishnoi,Zimbabwe,1.0,9.0,7.0,2.0,0.0,7.0,128.57,1.29,4.0,17.0,14.0,17.0,4.94,0.82
Ravinderpal Singh,Namibia,1.0,0.0,1.0,0.0,0.0,1.0,0.0,0.0,0.0,0.0,0.0,0.0,0.0,0.0
Ravinderpal Singh,Nepal,1.0,12.0,13.0,0.0,1.0,13.0,92.31,0.92,0.0,0.0,0.0,0.0,0.0,0.0
Ravinderpal Singh,Oman,5.0,59.0,53.0,4.0,1.0,53.0,111.32,1.11,0.0,0.0,0.0,0.0,0.0,0.0
Ravinderpal Singh,Pakistan,1.0,0.0,2.0,0.0,0.0,2.0,0.0,0.0,0.0,0.0,0.0,0.0,0.0,0.0
Ravinderpal Singh,United States of America,3.0,29.0,16.0,2.0,2.0,16.0,181.25,1.81,0.0,0.0,0.0,0.0,0.0,0.0
Rehan Ahmed,Bangladesh,1.0,4.0,8.0,1.0,0.0,8.0,50.0,0.5,2.0,12.0,14.0,12.0,7.0,1.17
Riazat Ali Shah,Namibia,2.0,2.0,3.0,0.0,0.0,3.0,66.67,0.67,7.0,38.0,44.0,38.0,6.95,1.16
Riazat Ali Shah,Netherlands,1.0,5.0,12.0,0.0,0.0,12.0,41.67,0.42,0.0,0.0,0.0,0.0,0.0,0.0
Riazat Ali Shah,Zimbabwe,1.0,9.0,7.0,1.0,0.0,7.0,128.57,1.29,1.0,5.0,8.0,5.0,9.6,1.6
Rishad Hossain,India,3.0,11.0,6.0,1.0,1.0,6.0,183.33,1.83,2.0,12.0,23.0,12.0,11.5,1.92
Rishad Hossain,Nepal,0.0,0.0,0.0,0.0,0.0,0.0,0.0,0.0,1.0,12.0,13.0,12.0,6.5,1.08
Rishad Hossain,Netherlands,0.0,0.0,0.0,0.0,0.0,0.0,0.0,0.0,1.0,3.0,9.0,3.0,18.0,3.0
Rishad Hossain,New Zealand,1.0,3.0,6.0,0.0,0.0,6.0,50.0,0.5,1.0,4.0,1.0,4.0,1.5,0.25
Rishad Hossain,Pakistan,4.0,29.0,22.0,2.0,2.0,22.0,131.82,1.32,6.0,114.0,172.0,114.0,9.05,1.51
Rishad Hossain,United States of America,1.0,8.0,4.0,2.0,0.0,4.0,200.0,2.0,3.0,24.0,18.0,24.0,4.5,0.75
Rishad Hossain,Zimbabwe,0.0,0.0,0.0,0.0,0.0,0.0,0.0,0.0,3.0,15.0,14.0,15.0,5.6,0.93
Rizwan Cheema,Ireland,1.0,4.0,7.0,0.0,0.0,7.0,57.14,0.57,0.0,0.0,0.0,0.0,0.0,0.0
Saad Bin Zafar,Ireland,0.0,0.0,0.0,0.0,0.0,0.0,0.0,0.0,1.0,4.0,4.0,4.0,6.0,1.0
Saad Bin Zafar,Namibia,2.0,4.0,3.0,0.0,0.0,3.0,133.33,1.33,1.0,4.0,12.0,4.0,18.0,3.0
Saad Bin Zafar,Nepal,2.0,26.0,10.0,3.0,1.0,10.0,260.0,2.6,2.0,18.0,7.0,18.0,2.33,0.39
Saad Bin Zafar,Netherlands,1.0,7.0,7.0,0.0,0.0,7.0,100.0,1.0,1.0,1.0,1.0,1.0,6.0,1.0
Saad Bin Zafar,Oman,2.0,24.0,35.0,2.0,0.0,35.0,68.57,0.69,6.0,66.0,85.0,66.0,7.73,1.29
Saad Bin Zafar,Pakistan,1.0,7.0,12.0,1.0,0.0,12.0,58.33,0.58,1.0,25.0,23.0,25.0,5.52,0.92
Saad Bin Zafar,United States of America,2.0,11.0,9.0,1.0,0.0,9.0,122.22,1.22,11.0,70.0,82.0,70.0,7.03,1.17
Sahibzada Farhan,Bangladesh,3.0,109.0,75.0,10.0,7.0,75.0,145.33,1.45,0.0,0.0,0.0,0.0,0.0,0.0
Sahibzada Farhan,India,3.0,26.0,25.0,0.0,2.0,25.0,104.0,1.04,0.0,0.0,0.0,0.0,0.0,0.0
Sahibzada Farhan,New Zealand,1.0,1.0,2.0,0.0,0.0,2.0,50.0,0.5,0.0,0.0,0.0,0.0,0.0,0.0
Sahibzada Farhan,Oman,1.0,11.0,11.0,0.0,0.0,11.0,100.0,1.0,0.0,0.0,0.0,0.0,0.0,0.0
Saif Hassan,India,2.0,7.0,14.0,0.0,0.0,14.0,50.0,0.5,2.0,13.0,13.0,13.0,6.0,1.0
Saif Hassan,Netherlands,1.0,14.0,3.0,0.0,2.0,3.0,466.67,4.67,1.0,8.0,13.0,8.0,9.75,1.62
Saif Hassan,Pakistan,3.0,19.0,24.0,1.0,2.0,24.0,79.17,0.79,1.0,1.0,1.0,1.0,6.0,1.0
Saim Ayub,Bangladesh,7.0,64.0,46.0,5.0,4.0,46.0,139.13,1.39,6.0,72.0,76.0,72.0,6.33,1.06
Saim Ayub,Canada,1.0,5.0,10.0,0.0,0.0,10.0,50.0,0.5,0.0,0.0,0.0,0.0,0.0,0.0
Saim Ayub,India,2.0,12.0,12.0,0.0,1.0,12.0,100.0,1.0,3.0,41.0,59.0,41.0,8.63,1.44
Saim Ayub,New Zealand,2.0,24.0,15.0,3.0,1.0,15.0,160.0,1.6,0.0,0.0,0.0,0.0,0.0,0.0
Saim Ayub,Oman,0.0,0.0,0.0,0.0,0.0,0.0,0.0,0.0,1.0,2.0,1.0,2.0,3.0,0.5
Saim Ayub,Zimbabwe,2.0,3.0,4.0,0.0,0.0,4.0,75.0,0.75,0.0,0.0,0.0,0.0,0.0,0.0
Salman Mirza,Bangladesh,1.0,0.0,1.0,0.0,0.0,1.0,0.0,0.0,3.0,71.0,56.0,71.0,4.73,0.79
Shadab Khan,Bangladesh,3.0,68.0,42.0,6.0,3.0,42.0,161.9,1.62,10.0,149.0,162.0,149.0,6.52,1.09
Shadab Khan,India,0.0,0.0,0.0,0.0,0.0,0.0,0.0,0.0,1.0,1.0,0.0,1.0,0.0,0.0
Shadab Khan,Ireland,0.0,0.0,0.0,0.0,0.0,0.0,0.0,0.0,1.0,5.0,18.0,5.0,21.6,3.6
Shadab Khan,New Zealand,1.0,0.0,1.0,0.0,0.0,1.0,0.0,0.0,0.0,0.0,0.0,0.0,0.0,0.0
Shadab Khan,United States of America,1.0,16.0,12.0,1.0,1.0,12.0,133.33,1.33,1.0,5.0,10.0,5.0,12.0,2.0
Shadab Khan,Zimbabwe,1.0,7.0,4.0,0.0,1.0,4.0,175.0,1.75,1.0,5.0,4.0,5.0,4.8,0.8
Shaheen Shah Afridi,Bangladesh,1.0,19.0,14.0,0.0,2.0,14.0,135.71,1.36,5.0,81.0,71.0,81.0,5.26,0.88
Shaheen Shah Afridi,Canada,0.0,0.0,0.0,0.0,0.0,0.0,0.0,0.0,1.0,5.0,1.0,5.0,1.2,0.2
Shaheen Shah Afridi,India,4.0,22.0,16.0,1.0,2.0,16.0,137.5,1.38,6.0,56.0,83.0,56.0,8.89,1.48
Shaheen Shah Afridi,Ireland,0.0,0.0,0.0,0.0,0.0,0.0,0.0,0.0,3.0,12.0,17.0,12.0,8.5,1.42
Shaheen Shah Afridi,Namibia,0.0,0.0,0.0,0.0,0.0,0.0,0.0,0.0,1.0,2.0,1.0,2.0,3.0,0.5
Shaheen Shah Afridi,New Zealand,2.0,4.0,4.0,1.0,0.0,4.0,100.0,1.0,1.0,6.0,12.0,6.0,12.0,2.0
Shaheen Shah Afridi,Oman,1.0,2.0,1.0,0.0,0.0,1.0,200.0,2.0,1.0,9.0,1.0,9.0,0.67,0.11
Shaheen Shah Afridi,United States of America,1.0,13.0,10.0,1.0,1.0,10.0,130.0,1.3,1.0,4.0,6.0,4.0,9.0,1.5
Shakeel Ahmed,Canada,1.0,8.0,10.0,1.0,0.0,10.0,80.0,0.8,1.0,3.0,4.0,3.0,8.0,1.33
Shakeel Ahmed,India,0.0,0.0,0.0,0.0,0.0,0.0,0.0,0.0,1.0,10.0,21.0,10.0,12.6,2.1
Shakeel Ahmed,Namibia,0.0,0.0,0.0,0.0,0.0,0.0,0.0,0.0,1.0,4.0,1.0,4.0,1.5,0.25
Shakeel Ahmed,Nepal,3.0,19.0,9.0,3.0,1.0,9.0,211.11,2.11,4.0,33.0,29.0,33.0,5.27,0.88
Shakeel Ahmed,Netherlands,1.0,16.0,9.0,0.0,2.0,9.0,177.78,1.78,0.0,0.0,0.0,0.0,0.0,0.0
Shakeel Ahmed,Pakistan,1.0,10.0,23.0,0.0,1.0,23.0,43.48,0.43,1.0,15.0,13.0,15.0,5.2,0.87
Shakeel Ahmed,United States of America,2.0,5.0,5.0,0.0,0.0,5.0,100.0,1.0,3.0,18.0,13.0,18.0,4.33,0.72
Shamim Hossain,Pakistan,7.0,61.0,54.0,6.0,2.0,54.0,112.96,1.13,4.0,53.0,68.0,53.0,7.7,1.28
Shamim Hossain,Zimbabwe,1.0,9.0,4.0,0.0,1.0,4.0,225.0,2.25,0.0,0.0,0.0,0.0,0.0,0.0
Shariz Ahmad,Bangladesh,3.0,32.0,37.0,2.0,0.0,37.0,86.49,0.86,2.0,19.0,35.0,19.0,11.05,1.84
Shariz Ahmad,India,1.0,2.0,3.0,0.0,0.0,3.0,66.67,0.67,0.0,0.0,0.0,0.0,0.0,0.0
Shariz Ahmad,Nepal,0.0,0.0,0.0,0.0,0.0,0.0,0.0,0.0,1.0,4.0,5.0,4.0,7.5,1.25
Shariz Ahmad,Oman,0.0,0.0,0.0,0.0,0.0,0.0,0.0,0.0,1.0,9.0,16.0,9.0,10.67,1.78
Shariz Ahmad,Uganda,0.0,0.0,0.0,0.0,0.0,0.0,0.0,0.0,1.0,12.0,6.0,12.0,3.0,0.5
Shariz Ahmad,United States of America,0.0,0.0,0.0,0.0,0.0,0.0,0.0,0.0,1.0,6.0,4.0,6.0,4.0,0.67
Shariz Ahmad,Zimbabwe,0.0,0.0,0.0,0.0,0.0,0.0,0.0,0.0,1.0,4.0,12.0,4.0,18.0,3.0
Shayan Jahangir,Bangladesh,1.0,10.0,15.0,2.0,0.0,15.0,66.67,0.67,0.0,0.0,0.0,0.0,0.0,0.0
Shayan Jahangir,Canada,3.0,17.0,13.0,3.0,0.0,13.0,130.77,1.31,0.0,0.0,0.0,0.0,0.0,0.0
Shayan Jahangir,India,1.0,0.0,1.0,0.0,0.0,1.0,0.0,0.0,0.0,0.0,0.0,0.0,0.0,0.0
Shayan Jahangir,Nepal,3.0,38.0,20.0,3.0,2.0,20.0,190.0,1.9,0.0,0.0,0.0,0.0,0.0,0.0
Shayan Jahangir,Netherlands,1.0,10.0,8.0,0.0,1.0,8.0,125.0,1.25,0.0,0.0,0.0,0.0,0.0,0.0
Shoaib Khan,Canada,5.0,30.0,17.0,1.0,3.0,17.0,176.47,1.76,0.0,0.0,0.0,0.0,0.0,0.0
Shoaib Khan,Nepal,3.0,17.0,10.0,0.0,2.0,10.0,170.0,1.7,0.0,0.0,0.0,0.0,0.0,0.0
Shoriful Islam,India,0.0,0.0,0.0,0.0,0.0,0.0,0.0,0.0,2.0,13.0,28.0,13.0,12.92,2.15
Shoriful Islam,Netherlands,0.0,0.0,0.0,0.0,0.0,0.0,0.0,0.0,1.0,4.0,0.0,4.0,0.0,0.0
Shoriful Islam,New Zealand,1.0,6.0,2.0,0.0,1.0,2.0,300.0,3.0,1.0,3.0,7.0,3.0,14.0,2.33
Shoriful Islam,Pakistan,3.0,13.0,11.0,1.0,1.0,11.0,118.18,1.18,7.0,124.0,156.0,124.0,7.55,1.26
Shoriful Islam,United States of America,1.0,0.0,1.0,0.0,0.0,1.0,0.0,0.0,2.0,9.0,15.0,9.0,10.0,1.67
Shoriful Islam,Zimbabwe,0.0,0.0,0.0,0.0,0.0,0.0,0.0,0.0,4.0,22.0,44.0,22.0,12.0,2.0
Shubman Gill,Bangladesh,1.0,29.0,21.0,2.0,1.0,21.0,138.1,1.38,0.0,0.0,0.0,0.0,0.0,0.0
Shubman Gill,Oman,1.0,5.0,5.0,1.0,0.0,5.0,100.0,1.0,0.0,0.0,0.0,0.0,0.0,0.0
Shubman Gill,Pakistan,3.0,69.0,46.0,11.0,0.0,46.0,150.0,1.5,0.0,0.0,0.0,0.0,0.0,0.0
Shubman Gill,Zimbabwe,3.0,24.0,14.0,1.0,2.0,14.0,171.43,1.71,0.0,0.0,0.0,0.0,0.0,0.0
Sikandar Raza,Bangladesh,16.0,236.0,184.0,24.0,10.0,184.0,128.26,1.28,15.0,181.0,242.0,181.0,8.02,1.34
Sikandar Raza,India,5.0,64.0,64.0,5.0,3.0,64.0,100.0,1.0,7.0,65.0,89.0,65.0,8.22,1.37
Sikandar Raza,Ireland,1.0,4.0,2.0,0.0,0.0,2.0,200.0,2.0,3.0,4.0,1.0,4.0,1.5,0.25
Sikandar Raza,Namibia,6.0,34.0,31.0,2.0,2.0,31.0,109.68,1.1,5.0,23.0,38.0,23.0,9.91,1.65
Sikandar Raza,Netherlands,1.0,12.0,4.0,1.0,1.0,4.0,300.0,3.0,0.0,0.0,0.0,0.0,0.0,0.0
Sikandar Raza,New Zealand,1.0,0.0,2.0,0.0,0.0,2.0,0.0,0.0,0.0,0.0,0.0,0.0,0.0,0.0
Sikandar Raza,Pakistan,5.0,71.0,71.0,6.0,0.0,71.0,100.0,1.0,7.0,83.0,96.0,83.0,6.94,1.16
Sikandar Raza,Uganda,1.0,7.0,5.0,0.0,1.0,5.0,140.0,1.4,1.0,7.0,9.0,7.0,7.71,1.29
Sikandar Raza,United States of America,1.0,22.0,7.0,0.0,3.0,7.0,314.29,3.14,1.0,3.0,2.0,3.0,4.0,0.67
Sompal Kami,Bangladesh,1.0,0.0,1.0,0.0,0.0,1.0,0.0,0.0,1.0,10.0,6.0,10.0,3.6,0.6
Sompal Kami,Canada,1.0,1.0,5.0,0.0,0.0,5.0,20.0,0.2,2.0,11.0,14.0,11.0,7.64,1.27
Sompal Kami,India,1.0,7.0,5.0,0.0,1.0,5.0,140.0,1.4,1.0,4.0,0.0,4.0,0.0,0.0
Sompal Kami,Ireland,1.0,6.0,3.0,1.0,0.0,3.0,200.0,2.0,0.0,0.0,0.0,0.0,0.0,0.0
Sompal Kami,Namibia,0.0,0.0,0.0,0.0,0.0,0.0,0.0,0.0,1.0,16.0,27.0,16.0,10.12,1.69
Sompal Kami,Netherlands,0.0,0.0,0.0,0.0,0.0,0.0,0.0,0.0,1.0,8.0,4.0,8.0,3.0,0.5
Sompal Kami,Oman,3.0,17.0,17.0,1.0,1.0,17.0,100.0,1.0,4.0,25.0,25.0,25.0,6.0,1.0
Sompal Kami,United States of America,0.0,0.0,0.0,0.0,0.0,0.0,0.0,0.0,3.0,42.0,59.0,42.0,8.43,1.4
Soumya Sarkar,India,4.0,24.0,25.0,2.0,1.0,25.0,96.0,0.96,1.0,9.0,9.0,9.0,6.0,1.0
Soumya Sarkar,New Zealand,2.0,17.0,12.0,2.0,1.0,12.0,141.67,1.42,0.0,0.0,0.0,0.0,0.0,0.0
Soumya Sarkar,Oman,1.0,4.0,7.0,1.0,0.0,7.0,57.14,0.57,0.0,0.0,0.0,0.0,0.0,0.0
Soumya Sarkar,Pakistan,4.0,29.0,31.0,2.0,0.0,31.0,93.55,0.94,2.0,7.0,7.0,7.0,6.0,1.0
Soumya Sarkar,United States of America,2.0,18.0,10.0,3.0,0.0,10.0,180.0,1.8,0.0,0.0,0.0,0.0,0.0,0.0
Soumya Sarkar,Zimbabwe,7.0,43.0,37.0,3.0,2.0,37.0,116.22,1.16,2.0,5.0,2.0,5.0,2.4,0.4
Sufiyan Muqeem,Bangladesh,0.0,0.0,0.0,0.0,0.0,0.0,0.0,0.0,1.0,3.0,5.0,3.0,10.0,1.67
Sufiyan Muqeem,India,0.0,0.0,0.0,0.0,0.0,0.0,0.0,0.0,1.0,6.0,9.0,6.0,9.0,1.5
Sufiyan Muqeem,Oman,0.0,0.0,0.0,0.0,0.0,0.0,0.0,0.0,1.0,7.0,2.0,7.0,1.71,0.29
Sufiyan Muqeem,Zimbabwe,0.0,0.0,0.0,0.0,0.0,0.0,0.0,0.0,2.0,13.0,11.0,13.0,5.08,0.85
Tanvir Islam,New Zealand,1.0,2.0,3.0,0.0,0.0,3.0,66.67,0.67,0.0,0.0,0.0,0.0,0.0,0.0
Tanzid Hasan,India,2.0,15.0,17.0,3.0,0.0,17.0,88.24,0.88,0.0,0.0,0.0,0.0,0.0,0.0
Tanzid Hasan,Nepal,1.0,0.0,1.0,0.0,0.0,1.0,0.0,0.0,0.0,0.0,0.0,0.0,0.0,0.0
Tanzid Hasan,Netherlands,1.0,3.0,2.0,0.0,0.0,2.0,150.0,1.5,0.0,0.0,0.0,0.0,0.0,0.0
Tanzid Hasan,Pakistan,5.0,107.0,76.0,10.0,7.0,76.0,140.79,1.41,0.0,0.0,0.0,0.0,0.0,0.0
Tanzid Hasan,United States of America,2.0,29.0,26.0,1.0,2.0,26.0,111.54,1.12,0.0,0.0,0.0,0.0,0.0,0.0
Tanzid Hasan,Zimbabwe,4.0,40.0,32.0,5.0,0.0,32.0,125.0,1.25,0.0,0.0,0.0,0.0,0.0,0.0
Tanzim Hasan Sakib,India,3.0,2.0,3.0,0.0,0.0,3.0,66.67,0.67,3.0,23.0,20.0,23.0,5.22,0.87
Tanzim Hasan Sakib,Nepal,0.0,0.0,0.0,0.0,0.0,0.0,0.0,0.0,1.0,2.0,1.0,2.0,3.0,0.5
Tanzim Hasan Sakib,Netherlands,0.0,0.0,0.0,0.0,0.0,0.0,0.0,0.0,2.0,6.0,3.0,6.0,3.0,0.5
Tanzim Hasan Sakib,New Zealand,0.0,0.0,0.0,0.0,0.0,0.0,0.0,0.0,1.0,3.0,7.0,3.0,14.0,2.33
Tanzim Hasan Sakib,Pakistan,5.0,76.0,53.0,3.0,6.0,53.0,143.4,1.43,6.0,116.0,144.0,116.0,7.45,1.24
Tanzim Hasan Sakib,United States of America,1.0,0.0,3.0,0.0,0.0,3.0,0.0,0.0,2.0,11.0,3.0,11.0,1.64,0.27
Tanzim Hasan Sakib,Zimbabwe,0.0,0.0,0.0,0.0,0.0,0.0,0.0,0.0,1.0,6.0,13.0,6.0,13.0,2.17
Taskin Ahmed,India,3.0,9.0,13.0,1.0,0.0,13.0,69.23,0.69,3.0,17.0,19.0,17.0,6.71,1.12
Taskin Ahmed,Ireland,0.0,0.0,0.0,0.0,0.0,0.0,0.0,0.0,1.0,1.0,0.0,1.0,0.0,0.0
Taskin Ahmed,Nepal,0.0,0.0,0.0,0.0,0.0,0.0,0.0,0.0,1.0,15.0,15.0,15.0,6.0,1.0
Taskin Ahmed,Netherlands,0.0,0.0,0.0,0.0,0.0,0.0,0.0,0.0,4.0,14.0,15.0,14.0,6.43,1.07
Taskin Ahmed,New Zealand,1.0,5.0,3.0,1.0,0.0,3.0,166.67,1.67,0.0,0.0,0.0,0.0,0.0,0.0
Taskin Ahmed,Oman,1.0,1.0,3.0,0.0,0.0,3.0,33.33,0.33,2.0,13.0,18.0,13.0,8.31,1.38
Taskin Ahmed,Pakistan,6.0,24.0,26.0,2.0,1.0,26.0,92.31,0.92,9.0,189.0,221.0,189.0,7.02,1.17
Taskin Ahmed,Zimbabwe,0.0,0.0,0.0,0.0,0.0,0.0,0.0,0.0,6.0,23.0,22.0,23.0,5.74,0.96
Tayyab Tahir,Zimbabwe,2.0,8.0,11.0,0.0,0.0,11.0,72.73,0.73,0.0,0.0,0.0,0.0,0.0,0.0
Tilak Varma,Bangladesh,2.0,22.0,17.0,0.0,2.0,17.0,129.41,1.29,2.0,14.0,7.0,14.0,3.0,0.5
Tilak Varma,Nepal,1.0,0.0,4.0,0.0,0.0,4.0,0.0,0.0,0.0,0.0,0.0,0.0,0.0,0.0
Tilak Varma,Pakistan,3.0,130.0,105.0,7.0,7.0,105.0,123.81,1.24,1.0,6.0,9.0,6.0,9.0,1.5
Towhid Hridoy,England,1.0,0.0,1.0,0.0,0.0,1.0,0.0,0.0,0.0,0.0,0.0,0.0,0.0,0.0
Towhid Hridoy,India,5.0,32.0,31.0,3.0,1.0,31.0,103.23,1.03,0.0,0.0,0.0,0.0,0.0,0.0
Towhid Hridoy,Nepal,1.0,5.0,3.0,1.0,0.0,3.0,166.67,1.67,0.0,0.0,0.0,0.0,0.0,0.0
Towhid Hridoy,New Zealand,1.0,1.0,2.0,0.0,0.0,2.0,50.0,0.5,0.0,0.0,0.0,0.0,0.0,0.0
Towhid Hridoy,Pakistan,6.0,88.0,95.0,5.0,3.0,95.0,92.63,0.93,1.0,2.0,5.0,2.0,15.0,2.5
Towhid Hridoy,United States of America,2.0,25.0,25.0,1.0,1.0,25.0,100.0,1.0,0.0,0.0,0.0,0.0,0.0,0.0
Towhid Hridoy,Zimbabwe,4.0,29.0,23.0,1.0,1.0,23.0,126.09,1.26,0.0,0.0,0.0,0.0,0.0,0.0
Usman Khan,India,1.0,2.0,5.0,0.0,0.0,5.0,40.0,0.4,0.0,0.0,0.0,0.0,0.0,0.0
Usman Khan,Zimbabwe,1.0,2.0,4.0,0.0,0.0,4.0,50.0,0.5,0.0,0.0,0.0,0.0,0.0,0.0
Vikramjit Singh,Bangladesh,4.0,41.0,39.0,4.0,1.0,39.0,105.13,1.05,1.0,3.0,14.0,3.0,28.0,4.67
Vikramjit Singh,Canada,2.0,8.0,7.0,1.0,0.0,7.0,114.29,1.14,1.0,7.0,7.0,7.0,6.0,1.0
Vikramjit Singh,India,1.0,1.0,1.0,0.0,0.0,1.0,100.0,1.0,0.0,0.0,0.0,0.0,0.0,0.0
Vikramjit Singh,Namibia,1.0,5.0,2.0,1.0,0.0,2.0,250.0,2.5,0.0,0.0,0.0,0.0,0.0,0.0
Vikramjit Singh,Nepal,2.0,37.0,26.0,3.0,3.0,26.0,142.31,1.42,1.0,2.0,6.0,2.0,18.0,3.0
Vikramjit Singh,United States of America,0.0,0.0,0.0,0.0,0.0,0.0,0.0,0.0,1.0,13.0,13.0,13.0,6.0,1.0
Washington Sundar,Bangladesh,1.0,1.0,1.0,0.0,0.0,1.0,100.0,1.0,10.0,118.0,119.0,118.0,6.05,1.01
Washington Sundar,Ireland,0.0,0.0,0.0,0.0,0.0,0.0,0.0,0.0,1.0,3.0,3.0,3.0,6.0,1.0
Washington Sundar,Nepal,0.0,0.0,0.0,0.0,0.0,0.0,0.0,0.0,1.0,4.0,9.0,4.0,13.5,2.25
Washington Sundar,Zimbabwe,1.0,9.0,10.0,0.0,0.0,10.0,90.0,0.9,4.0,12.0,13.0,12.0,6.5,1.08
Zeeshan Maqsood,Bangladesh,2.0,12.0,19.0,0.0,1.0,19.0,63.16,0.63,1.0,9.0,14.0,9.0,9.33,1.56
Zeeshan Maqsood,Canada,3.0,57.0,36.0,4.0,3.0,36.0,158.33,1.58,5.0,38.0,35.0,38.0,5.53,0.92
Zeeshan Maqsood,Nepal,2.0,13.0,9.0,2.0,0.0,9.0,144.44,1.44,5.0,28.0,25.0,28.0,5.36,0.89
