match_id,team_name,player_name
211028,Australia,A Symonds
1001349,Australia,A Zampa
291343,Australia,AA Noffke
1072316,Australia,AC Agar
211028,Australia,AC Gilchrist
291343,Australia,AC Voges
1001349,Australia,AJ Finch
1001349,Australia,AJ Turner
1001349,Australia,AJ Tye
1373568,Australia,AM Hardie
1072316,Australia,AT Carey
350475,Australia,B Geeves
350476,Australia,B Laughlin
211028,Australia,B Lee
1001349,Australia,B Stanlake
573019,Australia,BCJ Cutting
1288316,Australia,BJ Dwarshuis
226374,Australia,BJ Haddin
287856,Australia,BJ Hodge
573027,Australia,BJ Rohrer
1001351,Australia,BR Dunk
1144989,Australia,BR McDermott
249227,Australia,BW Hilfenhaus
1385698,Australia,C Connolly
1288316,Australia,C Green
1072316,Australia,CA Lynn
727917,Australia,CJ Boyce
350476,Australia,CJ Ferguson
1389394,Australia,CJ Green
446956,Australia,CJ McKay
249227,Australia,CL White
895821,Australia,CT Bancroft
1072316,Australia,DA Warner
514023,Australia,DE Bollinger
291356,Australia,DJ Hussey
1072316,Australia,DJM Short
350050,Australia,DP Nannes
211028,Australia,DR Martyn
1223953,Australia,DR Sams
1119501,Australia,DT Christian
566937,Australia,Fawad Ahmed
238195,Australia,GB Hogg
211028,Australia,GD McGrath
518954,Australia,GJ Bailey
1072316,Australia,GJ Maxwell
1385698,Australia,J Fraser-McGurk
1001351,Australia,JA Richardson
1142918,Australia,JD Wildermuth
514023,Australia,JL Pattinson
636164,Australia,JM Muirhead
211028,Australia,JN Gillespie
1119501,Australia,JP Behrendorff
1001349,Australia,JP Faulkner
1263471,Australia,JP Inglis
1198237,Australia,JR Hazlewood
211048,Australia,JR Hopes
1233971,Australia,JR Philippe
446956,Australia,JW Hastings
1072316,Australia,KW Richardson
319142,Australia,L Ronchi
291343,Australia,LA Pomersbach
1001349,Australia,M Klinger
1288316,Australia,M Labuschagne
1144992,Australia,MA Starc
1001349,Australia,MC Henriques
211028,Australia,MEK Hussey
287856,Australia,MG Johnson
211028,Australia,MJ Clarke
392615,Australia,MJ North
1472520,Australia,MJ Owen
1119542,Australia,MJ Swepson
211028,Australia,ML Hayden
226374,Australia,ML Lewis
1472521,Australia,MP Kuhnemann
1072316,Australia,MP Stoinis
1157373,Australia,MR Marsh
211028,Australia,MS Kasprowicz
1185316,Australia,MS Wade
1373568,Australia,MW Short
1142914,Australia,NJ Maddinson
754717,Australia,NJ Reardon
1119501,Australia,NM Coulter-Nile
350050,Australia,NM Hauritz
1157374,Australia,NM Lyon
1270836,Australia,NT Ellis
226374,Australia,NW Bracken
1001349,Australia,PJ Cummins
727917,Australia,PJ Hughes
884347,Australia,PM Nevill
351696,Australia,PM Siddle
1168247,Australia,PSP Handscomb
406198,Australia,RJ Harris
1233973,Australia,RP Meredith
211028,Australia,RT Ponting
1183529,Australia,SA Abbott
319142,Australia,SE Marsh
1373568,Australia,SH Johnson
895819,Australia,SM Boland
249227,Australia,SM Harwood
211048,Australia,SM Katich
426393,Australia,SNJ O'Keefe
1183524,Australia,SPD Smith
226374,Australia,SR Clark
238195,Australia,SR Watson
291343,Australia,SW Tait
1373568,Australia,T Sangha
1001349,Australia,TD Paine
1298147,Australia,TH David
1001349,Australia,TM Head
406197,Australia,TR Birt
884347,Australia,UT Khawaja
1375852,Australia,XC Bartlett
518954,Australia,XJ Doherty
287857,Bangladesh,Abdur Razzak
1133821,Bangladesh,Abu Hider
1130747,Bangladesh,Abu Jayed
533283,Bangladesh,Abul Hasan
1130746,Bangladesh,Afif Hossain
287857,Bangladesh,Aftab Ahmed
1187013,Bangladesh,Al-Amin Hossain
287857,Bangladesh,Alok Kapali
1187013,Bangladesh,Aminul Islam
1317149,Bangladesh,Anamul Haque
690351,Bangladesh,Arafat Sunny
1130746,Bangladesh,Ariful Haque
343764,Bangladesh,Dhiman Ghosh
1298175,Bangladesh,Ebadat Hossain
533276,Bangladesh,Elias Sunny
287857,Bangladesh,Farhad Reza
1214671,Bangladesh,Hasan Mahmud
1399117,Bangladesh,Hasan Murad
1019979,Bangladesh,Imrul Kayes
412688,Bangladesh,Jahurul Islam
1399116,Bangladesh,Jaker Ali
931396,Bangladesh,Jubair Hossain
287875,Bangladesh,Junaid Siddique
1483787,Bangladesh,Khaled Ahmed
1075508,Bangladesh,Liton Das
1130747,Bangladesh,Mahedi Hasan
1399116,Bangladesh,Mahmudul Hasan Joy
1019979,Bangladesh,Mahmudullah
1019979,Bangladesh,Mashrafe Mortaza
1075507,Bangladesh,Mehedi Hasan Miraz
350347,Bangladesh,Mehrab Hossain jnr
287857,Bangladesh,Mohammad Ashraful
1130747,Bangladesh,Mohammad Mithun
1187013,Bangladesh,Mohammad Naim
1075507,Bangladesh,Mohammad Saifuddin
958419,Bangladesh,Mohammad Shahid
587476,Bangladesh,Mominul Haque
1019979,Bangladesh,Mosaddek Hossain
1399117,Bangladesh,Mrittunjoy Chowdhury
958419,Bangladesh,Muktar Ali
1317149,Bangladesh,Munim Shahriar
1075507,Bangladesh,Mushfiqur Rahim
1019979,Bangladesh,Mustafizur Rahman
287871,Bangladesh,Nadif Chowdhury
350347,Bangladesh,Naeem Islam
1484052,Bangladesh,Nahid Rana
531982,Bangladesh,Nasir Hossain
1233979,Bangladesh,Nasum Ahmed
287857,Bangladesh,Nazimuddin
401076,Bangladesh,Nazmul Hossain
1197143,Bangladesh,Nazmul Hossain Shanto
1130746,Bangladesh,Nazmul Islam
1019979,Bangladesh,Nurul Hasan
1323297,Bangladesh,Parvez Hossain Emon
1399116,Bangladesh,R Mondol
1399116,Bangladesh,Rakibul Hasan
350347,Bangladesh,Raqibul Hasan
1355722,Bangladesh,Rishad Hossain
623572,Bangladesh,Robiul Islam
1351400,Bangladesh,Rony Talukdar
1019979,Bangladesh,Rubel Hossain
1019979,Bangladesh,Sabbir Rahman
1277974,Bangladesh,Saif Hassan
623571,Bangladesh,Sajedul Islam
951347,Bangladesh,Saqlain Sajib
1075507,Bangladesh,Shafiul Islam
1399116,Bangladesh,Shahadat Hossain
1019979,Bangladesh,Shakib Al Hasan
1267681,Bangladesh,Shamim Hossain
602477,Bangladesh,Shamsur Rahman
1277976,Bangladesh,Shohidul Islam
1233979,Bangladesh,Shoriful Islam
951347,Bangladesh,Shuvagata Hom
587476,Bangladesh,Sohag Gazi
1019979,Bangladesh,Soumya Sarkar
412680,Bangladesh,Suhrawadi Shuvo
1399116,Bangladesh,Sumon Khan
287857,Bangladesh,Syed Rasel
1197140,Bangladesh,Taijul Islam
1019979,Bangladesh,Tamim Iqbal
1351402,Bangladesh,Tanvir Islam
1415715,Bangladesh,Tanzid Hasan
1388213,Bangladesh,Tanzim Hasan Sakib
1019983,Bangladesh,Taskin Ahmed
1351400,Bangladesh,Towhid Hridoy
1298151,Bangladesh,Yasir Ali Chowdhury
1130746,Bangladesh,Zakir Hasan
533276,Bangladesh,Ziaur Rahman
439497,Canada,A Bagai
1344783,Canada,A Johnson
1344784,Canada,A Kapoor
660209,Canada,AS Dean
546410,Canada,AS Hansra
1476797,Canada,AS Hundal
1197398,Canada,Abraash Khan
1446764,Canada,Akhil Kumar
1481304,Canada,Ali Nadeem
1344783,Canada,Ammar Khalid
1450823,Canada,Ansh Patel
439499,Canada,Arsalan Qadir
1286670,Canada,C Pervez
660113,Canada,D Daesrath
1197397,Canada,D Heyliger
1399150,Canada,DS Bajwa
1197397,Canada,GDR Eranga
439497,Canada,GEF Barnett
546410,Canada,H Osinde
1286670,Canada,H Patel
1197406,Canada,H Thaker
439497,Canada,HS Baidwan
1197397,Canada,Hamza Tariq
439497,Canada,IS Billcliff
1286670,Canada,J Matharu
439497,Canada,JM Davison
1199509,Canada,JOA Gordon
1481304,Canada,Jaskaran Singh
1197397,Canada,Junaid Siddiqui
1446765,Canada,K Tathgur
1299567,Canada,Kaleem Sana
439497,Canada,Khurram Chohan
1481309,Canada,M Gill
1299567,Canada,M Spoors
1197406,Canada,MR Montfort
546473,Canada,MS Aulakh
1489585,Canada,Mihir Patel
1197397,Canada,N Dutta
1199509,Canada,NR Kirton
1197397,Canada,NR Kumar
1197397,Canada,NS Dhaliwal
546473,Canada,PA Desai
1344783,Canada,Pargat Singh
1425122,Canada,Parveen Kumar
546410,Canada,R Gunasekera
1286670,Canada,R Pathan
546410,Canada,RA Bhatti
1197397,Canada,RA Thomas
1286686,Canada,RR Joshi
1197397,Canada,Ravinderpal Singh
546410,Canada,Raza-ur-Rehman
1197397,Canada,Rizwan Cheema
439497,Canada,S Dhaniram
1286686,Canada,S Movva
1199532,Canada,SA Wijeratne
1197397,Canada,Saad Bin Zafar
1286674,Canada,Salman Nazar
1399156,Canada,Shahid Ahmadzai
1481309,Canada,Shivam Sharma
1481304,Canada,Sukhjinder Singh
546462,Canada,TG Gordon
1425121,Canada,U Bhagwan
439497,Canada,U Bhatti
439497,Canada,Usman Limbada
1476795,Canada,YS Samra
546410,Canada,Zahid Hussain
211028,England,A Flintoff
352674,England,A Khan
440946,England,A Shahzad
1336049,England,AAP Atkinson
1031431,England,AD Hales
258463,England,AD Mascarenhas
211028,England,AJ Strauss
258463,England,AN Cook
1031665,England,AU Rashid
1336048,England,BA Carse
1034825,England,BA Stokes
1152840,England,BM Duckett
1152840,England,BT Foakes
412681,England,C Kieswetter
1031431,England,CJ Jordan
225263,England,CMW Read
287858,England,CP Schofield
1249206,England,CR Woakes
287873,England,CT Tremlett
211028,England,D Gough
1031435,England,DJ Malan
1031431,England,DJ Willey
287858,England,DL Maddy
533288,England,DR Briggs
1433373,England,DR Mousley
225271,England,EC Joyce
1031431,England,EJG Morgan
1256722,England,GHS Garton
352674,England,GJ Batty
211028,England,GO Jones
296903,England,GP Swann
1256722,England,HC Brook
667731,England,HF Gurney
258463,England,IJL Trott
225263,England,IR Bell
211028,England,J Lewis
1385697,England,J Overton
1433376,England,JA Turner
1152840,England,JC Archer
1031431,England,JC Buttler
565810,England,JC Tredwell
1031665,England,JE Root
1385697,England,JG Bethell
1031431,England,JJ Roy
1140384,England,JL Denly
1439900,England,JL Smith
249227,England,JM Anderson
1031431,England,JM Bairstow
1385697,England,JM Cox
1072318,England,JM Vince
287867,England,JN Snape
355991,England,JS Foster
1119544,England,JT Ball
474466,England,JW Dernbach
225263,England,JWM Dalrymple
211028,England,KP Pietersen
1187665,England,L Gregory
1327228,England,L Wood
1031431,England,LA Dawson
1031433,England,LE Plunkett
287858,England,LJ Wright
1031433,England,LS Livingstone
667887,England,MA Carberry
1031431,England,MA Wood
211028,England,ME Trescothick
225263,England,MH Yardy
412681,England,MJ Lumb
1448346,England,MJ Potts
258463,England,MJ Prior
1034825,England,MM Ali
211028,England,MP Vaughan
1031431,England,MS Crane
249227,England,MS Panesar
1187667,England,MW Parkinson
258463,England,OA Shah
1327231,England,OP Stone
300435,England,P Mustard
249227,England,PA Nixon
211028,England,PD Collingwood
1256722,England,PD Salt
1187665,England,PR Brown
1276905,England,RJ Gleeson
287861,England,RJ Kirtley
258463,England,RJ Sidebottom
1256721,England,RJW Topley
296903,England,RS Bopara
355991,England,RWT Key
1336051,England,Rehan Ahmed
1448362,England,S Baker
1187666,England,S Mahmood
565810,England,SC Meaker
225263,England,SCJ Broad
636537,England,SD Parry
525817,England,SG Borthwick
225263,England,SI Mahmood
211028,England,SJ Harmison
1187665,England,SM Curran
352674,England,SM Davies
474466,England,SR Patel
521217,England,ST Finn
1031431,England,SW Billings
1187667,England,T Banton
1031433,England,TK Curran
296903,England,TR Ambrose
1034825,England,TS Mills
225271,England,TT Bresnan
211028,England,VS Solanki
566926,England,WB Rankin
1327230,England,WG Jacks
1034827,India,A Mishra
1034825,India,A Nehra
255954,India,AB Agarkar
430884,India,AB Dinda
1041615,India,AM Rahane
1007655,India,AR Patel
1007655,India,AT Rayudu
1420223,India,Abhishek Sharma
1276904,India,Arshdeep Singh
1276906,India,Avesh Khan
1041615,India,B Kumar
1420224,India,B Sai Sudharsan
1007657,India,BB Sran
1262759,India,C Sakariya
1262758,India,CV Varun
255954,India,D Mongia
1262759,India,D Padikkal
1276904,India,DJ Hooda
1119545,India,DL Chahar
1007657,India,DS Kulkarni
1420223,India,Dhruv Jurel
287862,India,G Gambhir
1034825,India,HH Pandya
1276904,India,HV Patel
255954,India,Harbhajan Singh
1439902,India,Harshit Rana
291356,India,I Sharma
255954,India,IK Pathan
1243389,India,Ishan Kishan
1007655,India,JD Unadkat
1007655,India,JJ Bumrah
1387598,India,JM Sharma
287873,India,Joginder Sharma
1098211,India,KD Karthik
1144990,India,KH Pandya
1144990,India,KK Ahmed
1007655,India,KL Rahul
1007655,India,KM Jadhav
667731,India,KV Sharma
1098211,India,Kuldeep Yadav
533281,India,L Balaji
297800,India,M Kartik
1168247,India,M Markande
1384634,India,M Prasidh Krishna
412682,India,M Vijay
1007655,India,MK Pandey
521217,India,MK Tiwary
463149,India,MM Patel
667731,India,MM Sharma
1439893,India,MP Yadav
1007655,India,MS Dhoni
1007655,India,Mandeep Singh
1041615,India,Mohammed Shami
1120094,India,Mohammed Siraj
1381217,India,Mukesh Kumar
1262759,India,N Rana
452153,India,NV Ojha
1187005,India,Navdeep Saini
1439893,India,Nithish Kumar Reddy
565810,India,P Awana
291356,India,P Kumar
966761,India,P Negi
474476,India,PA Patel
412682,India,PP Chawla
355994,India,PP Ojha
1262758,India,PP Shaw
1034825,India,Parvez Rasool
1041615,India,R Ashwin
1007655,India,R Dhawan
474476,India,R Dravid
1420223,India,R Parag
1399113,India,R Sai Kishore
518954,India,R Sharma
412699,India,R Vinay Kumar
1041615,India,RA Jadeja
1348641,India,RA Tripathi
1188623,India,RD Chahar
1262759,India,RD Gaikwad
1041615,India,RG Sharma
1384634,India,RK Singh
287862,India,RP Singh
1034829,India,RR Pant
287862,India,RV Uthappa
1449303,India,Ramandeep Singh
1276906,India,Ravi Bishnoi
903587,India,S Aravind
489220,India,S Badrinath
1098211,India,S Dhawan
1187013,India,S Dube
1119545,India,S Kaul
1262760,India,S Sandeep Warrier
255954,India,S Sreesanth
430885,India,S Tyagi
1243389,India,SA Yadav
1034825,India,SK Raina
1122286,India,SN Thakur
255954,India,SR Tendulkar
1120093,India,SS Iyer
1041615,India,STR Binny
1187680,India,SV Samson
885969,India,Sandeep Sharma
1399117,India,Shahbaz Ahmed
1348640,India,Shivam Mavi
1348640,India,Shubman Gill
1223952,India,T Natarajan
1420226,India,TU Deshpande
1381217,India,Tilak Varma
1119543,India,UT Yadav
1276906,India,Umran Malik
1034825,India,V Kohli
255954,India,V Sehwag
1133817,India,V Shankar
1278671,India,VR Iyer
1122731,India,Washington Sundar
1381219,India,YBK Jaiswal
287879,India,YK Pathan
1007655,India,YS Chahal
1034825,India,Yuvraj Singh
255954,India,Z Khan
1140992,Ireland,A Balbirnie
356001,Ireland,AC Botha
546462,Ireland,AD Poynter
355997,Ireland,AR Cusack
1004729,Ireland,AR McBrine
356001,Ireland,AR White
1251955,Ireland,B White
1448362,Ireland,BF Calitz
1142501,Ireland,BJ McCarthy
1272373,Ireland,C Campher
1303307,Ireland,C Olphert
1004729,Ireland,CA Young
1004729,Ireland,DA Rankin
1199500,Ireland,DC Delany
355997,Ireland,DT Johnston
533273,Ireland,EC Joyce
1298154,Ireland,F Hand
1074965,Ireland,GC Wilson
1074965,Ireland,GH Dockrell
1348324,Ireland,GI Hume
1168521,Ireland,GJ Delany
889463,Ireland,GJ McCarter
1004729,Ireland,GJ Thompson
1348323,Ireland,GR Adair
1197521,Ireland,HT Tector
889463,Ireland,J Anderson
1004729,Ireland,J Little
1004729,Ireland,J Mulder
355997,Ireland,JF Mooney
1004729,Ireland,JNK Shannon
355997,Ireland,JP Bray
1004729,Ireland,KJ O'Brien
1472516,Ireland,L McCarthy
1004729,Ireland,L Tucker
533282,Ireland,MC Sorensen
1355722,Ireland,MJ Humphreys
1168521,Ireland,MR Adair
1272373,Ireland,NA Rock
533273,Ireland,NG Jones
355997,Ireland,NJ O'Brien
356003,Ireland,PC Connell
1140992,Ireland,PKD Chase
1074965,Ireland,PR Stirling
361530,Ireland,R Strydom
543883,Ireland,RD McCann
355997,Ireland,RM West
1168521,Ireland,SC Getkate
1004729,Ireland,SP Terry
1140992,Ireland,SR Thompson
1348323,Ireland,ST Doheny
1074965,Ireland,SW Poynter
1140992,Ireland,Simi Singh
1168521,Ireland,TE Kane
1408104,Ireland,TF van Woerkom
1467706,Ireland,TH Tector
660113,Ireland,TJ Murtagh
1272375,Ireland,W McClintock
1074965,Ireland,WB Rankin
355997,Ireland,WK McCallan
1004729,Ireland,WTS Porterfield
1450822,Namibia,A Busing-Volschenk
1197507,Namibia,B Shikongo
1184258,Namibia,BM Scholtz
1184258,Namibia,C Viljoen
1197507,Namibia,CG Williams
1273715,Namibia,D Wiese
1298135,Namibia,D la Cock
1309701,Namibia,DO Leicher
1424752,Namibia,GJ van Rensburg
1404392,Namibia,H Klazinge
1197507,Namibia,HN Ya France
1424752,Namibia,JC Balt
1450817,Namibia,JI de Villiers
1184258,Namibia,JJ Smit
1184258,Namibia,JN Frylinck
1257404,Namibia,JN Loftie-Eaton
1197508,Namibia,JP Kotze
1415724,Namibia,JT Brassell
1184258,Namibia,K Birkenstock
1197510,Namibia,L Louwrens
1487824,Namibia,L Steenkamp
1487824,Namibia,M Heingo
1273718,Namibia,M van Lingen
1415703,Namibia,MB Kruger
1257404,Namibia,MD du Preez
1184258,Namibia,MG Erasmus
1184258,Namibia,N Davin
1422037,Namibia,PD Blignaut
1273715,Namibia,R Trumpelmann
1422042,Namibia,S Fouché
1184258,Namibia,SJ Baard
1424752,Namibia,SPS Shikongo
1184258,Namibia,T Lungameni
1184258,Namibia,Z Groenewald
1184258,Namibia,ZE Green
802327,Nepal,A Bhattarai
1170457,Nepal,A Bohara
883343,Nepal,A Karn
1328476,Nepal,A Saud
875491,Nepal,AK Mandal
1141835,Nepal,AK Sah
1423439,Nepal,Aakash Chand
1141835,Nepal,Aarif Sheikh
1257945,Nepal,Aasif Sheikh
1170459,Nepal,B Bhandari
1217744,Nepal,B Karki
1141835,Nepal,B Regmi
1485941,Nepal,B Sharki
1299566,Nepal,B Yadav
1328478,Nepal,Basir Ahamad
1450823,Nepal,D Khanal
1305500,Nepal,D Nath
1141835,Nepal,DS Airee
1141835,Nepal,G Malla
1299571,Nepal,Gulsan Jha
1197526,Nepal,I Pandey
1299566,Nepal,JK Mukhiya
1257945,Nepal,K Bhurtel
1485939,Nepal,K Thagunna
1257950,Nepal,KS Airee
1141835,Nepal,Karan KC
1201680,Nepal,Kushal Malla
1141835,Nepal,LN Rajbanshi
1299566,Nepal,Lokesh Bam
1305501,Nepal,Mohammad Aadil Alam
682899,Nepal,NB Budayair
1479320,Nepal,NK Yadav
1141835,Nepal,P Khadka
1170458,Nepal,P Sarraf
1170457,Nepal,PS Airee
1403290,Nepal,Pratis GC
1450823,Nepal,R Dhakal
1170457,Nepal,RK Paudel
802327,Nepal,RP Magar
1208606,Nepal,Rashid Khan
1485939,Nepal,Rupesh Singh
1197529,Nepal,S Bhari
1299584,Nepal,S Dhakal
1170457,Nepal,S Jora
1141835,Nepal,S Lamichhane
1141835,Nepal,S Vesawkar
1403288,Nepal,SM Dhakal
682899,Nepal,SP Gauchan
682899,Nepal,SP Khakurel
682899,Nepal,Sagar Pun
1257945,Nepal,Shahab Alam
1141835,Nepal,Sompal Kami
1257945,Netherlands,A Dutt
439497,Netherlands,AF Buurman
1191008,Netherlands,AJ Staal
355991,Netherlands,AN Kervezee
1310901,Netherlands,AT Nidamanuru
1074959,Netherlands,Ahsan Malik
355991,Netherlands,B Zuiderent
1188379,Netherlands,BD Glover
1485939,Netherlands,BE Fletcher
1142501,Netherlands,BFW de Leede
1074959,Netherlands,BN Cooper
1200425,Netherlands,C Floyd
1197521,Netherlands,CN Ackermann
355991,Netherlands,DJ Reekers
355991,Netherlands,DLS van Bunge
355991,Netherlands,DP Nannes
1428151,Netherlands,DT Doram
355991,Netherlands,E Schiferli
361531,Netherlands,ES Szwarczynski
1141835,Netherlands,FJ Klaassen
1141835,Netherlands,HC Overdijk
361531,Netherlands,HJC Mol
355991,Netherlands,J Smits
1257945,Netherlands,JL de Mey
1422041,Netherlands,K Klein
1273714,Netherlands,LV van Beek
1415707,Netherlands,M Levitt
883343,Netherlands,MB van Schelven
439510,Netherlands,MBS Jonkman
1074959,Netherlands,MJG Rippon
1074959,Netherlands,MP O'Dowd
546410,Netherlands,MR Swart
439510,Netherlands,Mohammad Kashif
361531,Netherlands,Mudassar Bukhari
1422038,Netherlands,NRJ Croes
1074959,Netherlands,PA van Meekeren
1074959,Netherlands,PM Seelaar
1191006,Netherlands,PRP Boissevain
1074959,Netherlands,PW Borren
1310901,Netherlands,R Klein
1074959,Netherlands,RE van der Merwe
883345,Netherlands,RI Ahmed
1141835,Netherlands,RN ten Doeschate
1141835,Netherlands,S Snater
1141835,Netherlands,SA Edwards
1415707,Netherlands,SA Engelbrecht
1074959,Netherlands,SJ Myburgh
1142501,Netherlands,Saqib Zulfiqar
1298151,Netherlands,Shariz Ahmad
1142501,Netherlands,Sikander Zulfiqar
1074959,Netherlands,T van der Gugten
546470,Netherlands,TGJ Gruijters
1298136,Netherlands,TJG Pringle
1298136,Netherlands,TLW Cooper
355991,Netherlands,TN de Grooth
1074964,Netherlands,TP Visee
1191006,Netherlands,TS Braat
1191006,Netherlands,VJ Kingma
1200428,Netherlands,Vikramjit Singh
1074959,Netherlands,W Barresi
1446761,Netherlands,ZB Lion-Cachet
1377729,New Zealand,A Ashok
1120094,New Zealand,AF Milne
456991,New Zealand,AJ McKay
356003,New Zealand,AJ Redmond
1115798,New Zealand,AK Kitchen
520596,New Zealand,AM Ellis
668959,New Zealand,AP Devcich
211048,New Zealand,AR Adams
1157375,New Zealand,AY Patel
211048,New Zealand,BB McCullum
1322362,New Zealand,BG Lister
356000,New Zealand,BJ Diamanti
1478866,New Zealand,BJ Jacobs
426723,New Zealand,BJ Watling
1153698,New Zealand,BM Tickner
1019979,New Zealand,BM Wheeler
1272094,New Zealand,BV Sears
1019979,New Zealand,C Munro
1019979,New Zealand,C de Grandhomme
211048,New Zealand,CD McMillan
1272093,New Zealand,CE McConchie
1019979,New Zealand,CJ Anderson
1322362,New Zealand,CJ Bowes
211048,New Zealand,CL Cairns
287854,New Zealand,CS Martin
1303312,New Zealand,D Cleaver
1377729,New Zealand,D Foxcroft
1115798,New Zealand,DAJ Bracewell
473918,New Zealand,DG Brownlie
1153696,New Zealand,DJ Mitchell
287854,New Zealand,DL Vettori
1233954,New Zealand,DP Conway
296903,New Zealand,DR Flynn
211048,New Zealand,DR Tuffey
366708,New Zealand,EP Thompson
1233979,New Zealand,FH Allen
351696,New Zealand,GD Elliott
1020029,New Zealand,GD Phillips
848839,New Zealand,GH Worker
298795,New Zealand,GJ Hopkins
527013,New Zealand,GW Aldridge
1322362,New Zealand,HB Shipley
1192877,New Zealand,HD Rutherford
211048,New Zealand,HJH Marshall
1187677,New Zealand,HK Bennett
1120093,New Zealand,HM Nicholls
351696,New Zealand,IE O'Brien
351696,New Zealand,IG Butler
1019981,New Zealand,IS Sodhi
1388223,New Zealand,JA Clarkson
1233959,New Zealand,JA Duffy
222678,New Zealand,JAH Marshall
300435,New Zealand,JD Ryder
222678,New Zealand,JDP Oram
1019981,New Zealand,JDS Neesham
237242,New Zealand,JEC Franklin
291343,New Zealand,JM How
222678,New Zealand,JS Patel
211048,New Zealand,JW Wilson
1233954,New Zealand,KA Jamieson
211048,New Zealand,KD Mills
1019979,New Zealand,KS Williamson
1019979,New Zealand,L Ronchi
237242,New Zealand,L Vincent
1019979,New Zealand,LH Ferguson
473919,New Zealand,LJ Woodcock
1072316,New Zealand,LRPL Taylor
520595,New Zealand,MD Bates
1303312,New Zealand,MG Bracewell
1072316,New Zealand,MJ Guptill
1443543,New Zealand,MJ Hay
1019979,New Zealand,MJ Henry
251488,New Zealand,MJ Mason
566926,New Zealand,MJ McClenaghan
1019979,New Zealand,MJ Santner
1307478,New Zealand,MJG Rippon
251487,New Zealand,MR Gillespie
1072319,New Zealand,MS Chapman
211048,New Zealand,MS Sinclair
222678,New Zealand,NJ Astle
287872,New Zealand,NL McCullum
1019979,New Zealand,NT Broom
300436,New Zealand,PA Hitchcock
251487,New Zealand,PD McGlashan
237242,New Zealand,PG Fulton
423782,New Zealand,PJ Ingram
1272093,New Zealand,R Ravindra
456991,New Zealand,RJ Nicol
520595,New Zealand,RM Hira
211048,New Zealand,SB Styris
1153696,New Zealand,SC Kuggeleijn
222678,New Zealand,SE Bond
1115798,New Zealand,SHA Rance
211048,New Zealand,SP Fleming
1019983,New Zealand,TA Blundell
1019981,New Zealand,TA Boult
1424829,New Zealand,TB Robinson
1019979,New Zealand,TC Bruce
1192877,New Zealand,TD Astle
1020029,New Zealand,TG Southee
1072319,New Zealand,TL Seifert
1120093,New Zealand,TWM Latham
1424831,New Zealand,W O'Rourke
1233979,New Zealand,WA Young
1424831,New Zealand,ZGF Foulkes
1074959,Oman,A Poulose
1496926,Oman,AR Bisht
1454819,Oman,AR Odedara
1074959,Oman,AV Lalcheta
1172506,Oman,Aamir Kaleem
930573,Oman,Aaqib Sulehri
930573,Oman,Adnan Ilyas
930573,Oman,Amir Ali
1074959,Oman,Aqib Ilyas
1273712,Oman,Ayan Khan
1450828,Oman,B Siddharth
1074959,Oman,Bilal Khan
1473147,Oman,Bilal Shah
1172506,Oman,Fayyaz Butt
1450828,Oman,Hammad Mirza
1473145,Oman,Hassnain Shah
1473146,Oman,J Ramanandi
1172506,Oman,Jatinder Singh
1172506,Oman,Jay Odedra
1463655,Oman,K Sonavale
1273712,Oman,KH Prajapati
1074959,Oman,Kaleemullah
1415703,Oman,Khalid Kail
1074959,Oman,Khawar Ali
1074959,Oman,Khurram Nawaz
930575,Oman,M Ansari
1074961,Oman,Mehran Khan
1074959,Oman,Mohammad Nadeem
1473146,Oman,Muhammed Imran
1473145,Oman,Mujibur Ali
1454819,Oman,Muzahir Raza
1503450,Oman,Nadeem Khan
1074959,Oman,Naseem Khushi
1299584,Oman,Nestor Dhamba
1405315,Oman,PS Athavale
930573,Oman,RJ Ranpura
1344782,Oman,Rafiullah
1344782,Oman,S Shrivastava
1172507,Oman,Sandeep Goud
1496923,Oman,Shah Faisal
1392811,Oman,Shakeel Ahmed
1299566,Oman,Shoaib Khan
1172510,Oman,Sufyan Mehmood
1074959,Oman,Sultan Ahmed
1197522,Oman,Suraj Kumar
1463655,Oman,V Shukla
966735,Oman,VS Wategaonkar
1172510,Oman,Wasim Ali
1074959,Oman,Zeeshan Maqsood
930573,Oman,Zeeshan Siddiqui
1496923,Oman,Zikria Islam
1327232,Pakistan,Aamer Jamal
1115809,Pakistan,Aamer Yamin
1388216,Pakistan,Abbas Afridi
225263,Pakistan,Abdul Razzaq
1443549,Pakistan,Abdul Samad
1233466,Pakistan,Abdullah Shafique
306991,Pakistan,Abdur Rehman
1424829,Pakistan,Abrar Ahmed
1426552,Pakistan,Agha Salman
1491904,Pakistan,Ahmed Daniyal
1077947,Pakistan,Ahmed Shehzad
1213058,Pakistan,Ahsan Ali
523735,Pakistan,Aizaz Cheema
659545,Pakistan,Anwar Ali
1399114,Pakistan,Arafat Minhas
1257184,Pakistan,Arshad Iqbal
645647,Pakistan,Asad Ali
473919,Pakistan,Asad Shafiq
1127300,Pakistan,Asif Ali
531635,Pakistan,Awais Zia
1239540,Pakistan,Azam Khan
1050217,Pakistan,Babar Azam
657633,Pakistan,Bilawal Bhatti
1257183,Pakistan,Danish Aziz
1115807,Pakistan,Faheem Ashraf
1077948,Pakistan,Fakhar Zaman
287877,Pakistan,Fawad Alam
1198246,Pakistan,Haider Ali
531635,Pakistan,Hammad Azam
1198244,Pakistan,Haris Rauf
1115807,Pakistan,Haris Sohail
1050217,Pakistan,Hasan Ali
1388220,Pakistan,Haseebullah Khan
1443549,Pakistan,Hassan Nawaz
1127300,Pakistan,Hussain Talat
1183527,Pakistan,Iftikhar Ahmed
306989,Pakistan,Iftikhar Anjum
1339618,Pakistan,Ihsanullah
1050217,Pakistan,Imad Wasim
1152840,Pakistan,Imam-ul-Haq
406207,Pakistan,Imran Farhat
902649,Pakistan,Imran Khan (1)
287855,Pakistan,Imran Nazir
225263,Pakistan,Inzamam-ul-Haq
1424829,Pakistan,Irfan Khan
1426554,Pakistan,Jahandad Khan
489212,Pakistan,Junaid Khan
1077947,Pakistan,Kamran Akmal
1050217,Pakistan,Khalid Latif
966751,Pakistan,Khurram Manzoor
1183529,Pakistan,Khushdil Shah
343764,Pakistan,Mansoor Amjad
1399114,Pakistan,Mirza Baig
287855,Pakistan,Misbah-ul-Haq
1443549,Pakistan,Mohammad Ali
1050221,Pakistan,Mohammad Amir
225263,Pakistan,Mohammad Asif
1077947,Pakistan,Mohammad Hafeez
1298170,Pakistan,Mohammad Haris
1152840,Pakistan,Mohammad Hasnain
1183527,Pakistan,Mohammad Irfan
1277974,Pakistan,Mohammad Nawaz
1050217,Pakistan,Mohammad Nawaz (3)
1144161,Pakistan,Mohammad Rizwan
489212,Pakistan,Mohammad Salman
412680,Pakistan,Mohammad Sami
1263164,Pakistan,Mohammad Wasim
225263,Pakistan,Mohammad Yousuf
1399119,Pakistan,Mubasir Khan
1183529,Pakistan,Muhammad Musa
858491,Pakistan,Mukhtar Ahmed
1298150,Pakistan,Naseem Shah
533280,Pakistan,Nasir Jamshed
868725,Pakistan,Nauman Anwar
225263,Pakistan,Naved-ul-Hasan
1399114,Pakistan,Omair Yousuf
1399114,Pakistan,Qasim Akram
902649,Pakistan,Rafatullah Mohmand
523735,Pakistan,Rameez Raja (2)
533286,Pakistan,Raza Hasan
1399114,Pakistan,Rohail Nazir
1050221,Pakistan,Rumman Raees
727917,Pakistan,Saad Nasim
355996,Pakistan,Saeed Ajmal
1142919,Pakistan,Sahibzada Farhan
1339614,Pakistan,Saim Ayub
287855,Pakistan,Salman Butt
1491903,Pakistan,Salman Mirza
1050217,Pakistan,Sarfraz Ahmed
1077947,Pakistan,Shadab Khan
1140071,Pakistan,Shaheen Shah Afridi
225263,Pakistan,Shahid Afridi
1277976,Pakistan,Shahnawaz Dhani
356008,Pakistan,Shahzaib Hasan
562437,Pakistan,Shakeel Ansar
1298150,Pakistan,Shan Masood
1050217,Pakistan,Sharjeel Khan
225263,Pakistan,Shoaib Akhtar
361656,Pakistan,Shoaib Khan jnr
1050217,Pakistan,Shoaib Malik
1239540,Pakistan,Sohaib Maqsood
1117821,Pakistan,Sohail Khan
1050217,Pakistan,Sohail Tanvir
1399114,Pakistan,Sufiyan Muqeem
473920,Pakistan,Tanvir Ahmed
1432211,Pakistan,Tayyab Tahir
1050217,Pakistan,Umar Akmal
1115807,Pakistan,Umar Amin
287855,Pakistan,Umar Gul
1388216,Pakistan,Usama Mir
1385690,Pakistan,Usman Khan
1233464,Pakistan,Usman Qadir
1117822,Pakistan,Usman Shinwari
1501897,Pakistan,Usman Tariq
1050217,Pakistan,Wahab Riaz
1157377,Pakistan,Waqas Maqsood
287855,Pakistan,Yasir Arafat
523735,Pakistan,Yasir Shah
225263,Pakistan,Younis Khan
1243021,Pakistan,Zahid Mahmood
1339614,Pakistan,Zaman Khan
645645,Pakistan,Zulfiqar Babar
461565,Pakistan,Zulqarnain Haider
1089202,Papua New Guinea,A Nao
1089202,Papua New Guinea,A Vala
1498689,Papua New Guinea,Boio Ray
1089203,Papua New Guinea,CA Soper
1176792,Papua New Guinea,CJA Amini
1089243,Papua New Guinea,D Bau
1176792,Papua New Guinea,D Ravu
1503455,Papua New Guinea,G Toka
1273720,Papua New Guinea,H Hiri
1321467,Papua New Guinea,HGV Vare
1383090,Papua New Guinea,J Kariko
1176792,Papua New Guinea,J Kila
1089202,Papua New Guinea,JB Reva
1089202,Papua New Guinea,JNT Vare
1383098,Papua New Guinea,JWW Gardner
1176792,Papua New Guinea,K Doriga
875501,Papua New Guinea,K Pala
1273712,Papua New Guinea,KV Morea
875501,Papua New Guinea,L Nou
1089202,Papua New Guinea,L Siaka
1398299,Papua New Guinea,M Charlie
1089202,Papua New Guinea,MD Dai
1176793,Papua New Guinea,N Pokana
1089202,Papua New Guinea,N Vanua
1498689,Papua New Guinea,P Karoho
954735,Papua New Guinea,P Raho
1503455,Papua New Guinea,Patrick Nou
1199503,Papua New Guinea,R Hekure
1089202,Papua New Guinea,S Bau
1305502,Papua New Guinea,SI Kamea
1273712,Papua New Guinea,SK Atai
1089202,Papua New Guinea,TP Ura
1089202,Papua New Guinea,VV Morea
1089202,Papua New Guinea,WT Gavera
1172510,Scotland,A Neill
1127300,Scotland,AC Evans
1383070,Scotland,BJ Currie
1383070,Scotland,BJ McMullen
1074957,Scotland,BTJ Wheal
1440463,Scotland,C Cassell
1421079,Scotland,C Tear
1074968,Scotland,CB Sole
1074957,Scotland,CD Wallace
1074957,Scotland,CD de Lange
287855,Scotland,CJO Smith
1485938,Scotland,CM McBride
287855,Scotland,CM Wright
1273713,Scotland,CN Greaves
1074957,Scotland,CS MacLeod
660149,Scotland,D Murphy
1127300,Scotland,DE Budge
287855,Scotland,DF Watts
287855,Scotland,DR Brown
1485938,Scotland,FDW McCreath
660149,Scotland,G Goudie
355995,Scotland,GA Rogers
354456,Scotland,GD Drummond
354456,Scotland,GI Maiden
287855,Scotland,GM Hamilton
1273272,Scotland,GT Main
1074957,Scotland,HG Munsey
1127300,Scotland,Hamza Tahir
660149,Scotland,I Wardlaw
1421079,Scotland,J Dickinson
1421078,Scotland,J Jarvis
287855,Scotland,JAR Blain
287855,Scotland,JD Nel
1074957,Scotland,JH Davey
355992,Scotland,JH Stander
1440463,Scotland,JJ Davidson
1074957,Scotland,KJ Coetzer
1485938,Scotland,LR Naylor
1298137,Scotland,MA Jones
1074968,Scotland,MA Leask
546442,Scotland,MA Parker
1074957,Scotland,MH Cross
546473,Scotland,MM Iqbal
1074957,Scotland,MRJ Watt
1485942,Scotland,MW Jones
660149,Scotland,MW Machan
287855,Scotland,NFI McCallum
660149,Scotland,NM Carter
287855,Scotland,NS Poonia
1199499,Scotland,OJ Hairs
546442,Scotland,PL Mommsen
546442,Scotland,R Flannigan
1172505,Scotland,RAJ Smith
1074957,Scotland,RD Berrington
287855,Scotland,RM Haq
660149,Scotland,RML Taylor
287855,Scotland,RR Watson
439505,Scotland,RT Lyons
1142503,Scotland,SG Whittingham
439505,Scotland,SJS Smith
1074957,Scotland,SM Sharif
1199499,Scotland,TB Sole
1383081,Scotland,TSS Mackintosh
222678,South Africa,A Nel
1185317,South Africa,A Nortje
1432211,South Africa,A Simelane
1020029,South Africa,AB de Villiers
222678,South Africa,AG Prince
226374,South Africa,AJ Hall
1144173,South Africa,AK Markram
1020029,South Africa,AL Phehlukwayo
1075507,South Africa,AM Phangiso
439146,South Africa,AN Petersen
1424754,South Africa,AQM Yako
1185314,South Africa,BC Fortuin
1075507,South Africa,BE Hendricks
1448357,South Africa,C Bosch
1122287,South Africa,C Jonker
461565,South Africa,CA Ingram
1020029,South Africa,CH Morris
1122285,South Africa,CJ Dala
222678,South Africa,CK Langeveldt
1373568,South Africa,D Brevis
1373570,South Africa,D Ferreira
1020029,South Africa,D Paterson
1031431,South Africa,D Pretorius
635658,South Africa,D Wiese
1031431,South Africa,DA Miller
556252,South Africa,DJ Vilas
1144172,South Africa,DW Steyn
1432212,South Africa,Dayyaan Galiem
1424754,South Africa,E Frosler
817205,South Africa,E Leie
1020029,South Africa,F Behardien
1020029,South Africa,F du Plessis
1373568,South Africa,G Coetzee
1424754,South Africa,G Van Heerden
1243020,South Africa,GA Stuurman
222678,South Africa,GC Smith
1237122,South Africa,GF Linde
319112,South Africa,GH Bodi
1243019,South Africa,GJ Snyman
226374,South Africa,GJP Kruger
1144149,South Africa,GL Cloete
567353,South Africa,H Davids
1122285,South Africa,H Klaasen
1424754,South Africa,H Pieterse
1144149,South Africa,HE van der Dussen
387564,South Africa,HG Kuhn
226374,South Africa,HH Dippenaar
222678,South Africa,HH Gibbs
1020029,South Africa,HM Amla
1020029,South Africa,Imran Tahir
226374,South Africa,J Botha
350347,South Africa,J Louw
1424754,South Africa,J Prodehl
1424754,South Africa,J Raubenheimer
461565,South Africa,J Theron
222678,South Africa,JA Morkel
226374,South Africa,JA Rudolph
1433369,South Africa,JF Smith
222678,South Africa,JH Kallis
238195,South Africa,JJ van der Wath
298804,South Africa,JL Ontong
222678,South Africa,JM Kemp
1144162,South Africa,JN Malan
1020029,South Africa,JP Duminy
1031431,South Africa,JT Smuts
1424754,South Africa,K Lion-Cachet
1142589,South Africa,K Rabada
1271630,South Africa,KA Maharaj
567367,South Africa,KJ Abbott
1432211,South Africa,KT Maphaka
1424754,South Africa,L Botha
1142589,South Africa,L Ngidi
1424754,South Africa,L Ntanzi
1144162,South Africa,L Sipamla
1251575,South Africa,LB Williams
238195,South Africa,LE Bosman
1448357,South Africa,LG Pretorius
351694,South Africa,LL Tsotsobe
1278690,South Africa,M Jansen
1424754,South Africa,M Joseph
1031433,South Africa,M Morkel
1031431,South Africa,M Mosehle
222678,South Africa,M Ntini
226374,South Africa,M Zondeki
520598,South Africa,M de Lange
1424754,South Africa,MA Ntobela
319112,South Africa,MN van Wyk
1373570,South Africa,MP Breetzke
222678,South Africa,MV Boucher
222678,South Africa,N Boje
1387599,South Africa,N Burger
1431086,South Africa,N Peter
238195,South Africa,ND McKenzie
1415704,South Africa,OEG Baartman
1431086,South Africa,PE Kruger
1185316,South Africa,PJ van Biljon
1251578,South Africa,PWA Mulder
1020029,South Africa,Q de Kock
1075507,South Africa,R Frylinck
387563,South Africa,R McLaren
238195,South Africa,R Telemachus
1478865,South Africa,RA Herman
1431086,South Africa,RD Rickelton
520597,South Africa,RE Levi
350476,South Africa,RE van der Merwe
238195,South Africa,RJ Peterson
350347,South Africa,RK Kleinveldt
1031431,South Africa,RR Hendricks
1276913,South Africa,RR Rossouw
1478866,South Africa,S Muthusamy
1144173,South Africa,S Qeshile
222678,South Africa,SM Pollock
1251575,South Africa,SSB Magala
1185313,South Africa,T Bavuma
255954,South Africa,T Henderson
1031431,South Africa,T Shamsi
1276913,South Africa,T Stubbs
1501895,South Africa,T de Zorzi
936153,South Africa,TB de Bruyn
350475,South Africa,VB van Jaarsveld
287853,South Africa,VD Philander
1020029,South Africa,WD Parnell
1251575,South Africa,WJ Lubbe
350476,South Africa,YA Abdulla
1109610,Sri Lanka,A Dananjaya
1109610,Sri Lanka,AD Mathews
1144172,Sri Lanka,AK Perera
1327273,Sri Lanka,AM Fernando
1249207,Sri Lanka,B Fernando
355998,Sri Lanka,BAW Mendis
1001351,Sri Lanka,BKG Mendis
1130746,Sri Lanka,BMAJ Mendis
1183524,Sri Lanka,BOP Fernando
1262758,Sri Lanka,C Karunaratne
1442989,Sri Lanka,C Wickramasinghe
1142589,Sri Lanka,CAK Rajitha
1153843,Sri Lanka,CBRLS Kumara
1001349,Sri Lanka,CK Kapugedera
225271,Sri Lanka,CRD Fernando
412699,Sri Lanka,CU Jayasinghe
1322362,Sri Lanka,D Madushanka
1001349,Sri Lanka,DAS Gunaratne
1140384,Sri Lanka,DM de Silva
1451815,Sri Lanka,DN Wellalage
225271,Sri Lanka,DPMD Jayawardene
1130746,Sri Lanka,DSK Madushanka
1001349,Sri Lanka,EMDY Munaweera
287860,Sri Lanka,G Wijekoon
1183526,Sri Lanka,GSNFG Jayasuriya
533272,Sri Lanka,HDRL Thirimanne
251488,Sri Lanka,HMCM Bandara
516204,Sri Lanka,HMRKB Herath
1109610,Sri Lanka,I Udana
1263475,Sri Lanka,J Liyanage
287860,Sri Lanka,J Mubarak
1144172,Sri Lanka,JDF Vandersay
1001349,Sri Lanka,JRMVB Sanjaya
1263475,Sri Lanka,K Mishara
361656,Sri Lanka,K Weeraratne
225271,Sri Lanka,KC Sangakkara
667887,Sri Lanka,KDK Vithanage
1262758,Sri Lanka,KIC Asalanka
913633,Sri Lanka,KMC Bandara
1001349,Sri Lanka,KMDN Kulasekara
1252066,Sri Lanka,KNA Bandara
562437,Sri Lanka,KS Lokuarachchi
516204,Sri Lanka,KTGD Prasad
1130746,Sri Lanka,LD Chandimal
1192877,Sri Lanka,LD Madushanka
251487,Sri Lanka,LPC Silva
1198489,Sri Lanka,M Bhanuka
251487,Sri Lanka,M Muralitharan
1415704,Sri Lanka,M Pathirana
430884,Sri Lanka,M Pushpakumara
1263471,Sri Lanka,M Theekshana
1130747,Sri Lanka,MA Aponso
1492823,Sri Lanka,MADI Hemantha
1120291,Sri Lanka,MD Gunathilaka
1001353,Sri Lanka,MD Shanaka
516204,Sri Lanka,MDK Perera
1083449,Sri Lanka,MDKJ Perera
225271,Sri Lanka,MF Maharoof
1120291,Sri Lanka,ML Udawatte
1492823,Sri Lanka,MNK Fernando
251487,Sri Lanka,MS Atapattu
1122729,Sri Lanka,MVT Fernando
1001349,Sri Lanka,N Dickwella
1122729,Sri Lanka,N Pradeep
1263472,Sri Lanka,N Thushara
1083449,Sri Lanka,NLTC Perera
1263475,Sri Lanka,P Jayawickrama
1252066,Sri Lanka,P Nissanka
1001349,Sri Lanka,PADLR Sandakan
1183524,Sri Lanka,PBB Rajapaksa
1120293,Sri Lanka,PC de Silva
225271,Sri Lanka,PDRL Perera
1140384,Sri Lanka,PHKD Mendis
1298135,Sri Lanka,PM Liyanagamage
1122729,Sri Lanka,PVD Chameera
1183524,Sri Lanka,PWH de Silva
1133820,Sri Lanka,RAS Lakmal
403385,Sri Lanka,RJMGM Rupasinghe
668969,Sri Lanka,RLB Rambukwella
564786,Sri Lanka,RMS Eranga
225271,Sri Lanka,RP Arnold
1262759,Sri Lanka,RTM Mendis
1001349,Sri Lanka,S Prasanna
412686,Sri Lanka,S Randiv
1120291,Sri Lanka,S Samarawickrama
361656,Sri Lanka,SHT Kandamby
386535,Sri Lanka,SI de Saram
1001349,Sri Lanka,SL Malinga
1109610,Sri Lanka,SMA Priyanjan
562437,Sri Lanka,SMSM Senanayake
1120291,Sri Lanka,SS Pathirana
225271,Sri Lanka,ST Jayasuriya
936153,Sri Lanka,ST de Silva
361656,Sri Lanka,T Thushara
1001349,Sri Lanka,TAM Siriwardana
225271,Sri Lanka,TM Dilshan
412678,Sri Lanka,UWMBCA Welegedara
1144172,Sri Lanka,WIA Fernando
251487,Sri Lanka,WPUJC Vaas
1001349,Sri Lanka,WU Tharanga
1184260,Uganda,A Otwani
1332496,Uganda,AR Ramjani
1184266,Uganda,B Masaba
1275044,Uganda,Bilal Hassun
1257404,Uganda,C Kyewuta
1184260,Uganda,C Waiswa
1494114,Uganda,C Watuwa
1349126,Uganda,CN Kakuru
1184260,Uganda,D Muhumuza
1393311,Uganda,D Wabwire
1184260,Uganda,DM Nakrani
1349128,Uganda,E Hasahya
1184260,Uganda,E Isaneez
1184266,Uganda,F Achelam
1257404,Uganda,F Akankwasa
1184260,Uganda,F Nsubuga
1275047,Uganda,G Mubiru
1502748,Uganda,GY Tomar
1184260,Uganda,H Ssenyondo
1184260,Uganda,HB Kayondo
1494583,Uganda,I Mwebaze
1332503,Uganda,IS Munir
1332503,Uganda,J Baguma
1309703,Uganda,J Miyaji
1257405,Uganda,J Sebanja
1257404,Uganda,K Waiswa
1494103,Uganda,M Musinguzi
1332496,Uganda,P Murungi
1283030,Uganda,R Agamiire
1349126,Uganda,R Lutaaya
1379575,Uganda,R Obuya
1184266,Uganda,R Olipa
1257404,Uganda,RB Patel
1184260,Uganda,RG Mukasa
1457350,Uganda,Raghav Dhawan
1184260,Uganda,Riazat Ali Shah
1379575,Uganda,S Nsubuga
1275043,Uganda,S Sesazi
1457350,Uganda,SG Mangela
1502745,Uganda,SL Verma
1257405,Uganda,Saud Islam
1257406,Uganda,T Bukenya
1184260,Uganda,Z Arinaitwe
1450818,United States of America,A Desai
1450818,United States of America,AA Paradkar
1415701,United States of America,AGS Gous
1481305,United States of America,AS Nadkarni
1177484,United States of America,Aaron Jones
1286673,United States of America,Ali Khan
1473146,United States of America,Ali Sheikh
1481303,United States of America,B Akhilesh Reddy
1321470,United States of America,CAH Stevenson
1415701,United States of America,CJ Anderson
1197396,United States of America,CJ Gannon
1321480,United States of America,D Siva Kumar
1177484,United States of America,EH Hutchinson
1286667,United States of America,G Singh
1177484,United States of America,HR Walsh
1415701,United States of America,Harmeet Singh
1286667,United States of America,IG Holland
1446762,United States of America,J Drysdale
1286667,United States of America,J Theron
1177484,United States of America,JS Malhotra
1177484,United States of America,Jasdeep Singh
1197401,United States of America,K Gore
1177484,United States of America,KRP Silva
1177484,United States of America,MD Patel
1291187,United States of America,MO Kain
1415746,United States of America,Milind Kumar
1197396,United States of America,NK Patel
1415711,United States of America,NP Kenjige
1415701,United States of America,NR Kumar
1481305,United States of America,RM Jariwala
1291187,United States of America,RM Scott
1291187,United States of America,RR Behera
1197403,United States of America,S Sohal
1415701,United States of America,SC van Schalkwyk
1291187,United States of America,SJ Modani
1450818,United States of America,SK Patel
1177484,United States of America,SN Netravalkar
1473145,United States of America,SP Krishnamurthi
1446765,United States of America,SR Mukkamalla
1177484,United States of America,SR Taylor
1473146,United States of America,SV Wiig
1415725,United States of America,Shayan Jahangir
1177484,United States of America,TK Patel
1286681,United States of America,TO Carmichael
1197396,United States of America,TP Allen
1425125,United States of America,Usman Rafiq
1450821,United States of America,Utkarsh Srivastava
1291188,United States of America,VM Vaghela
1177484,United States of America,XM Marshall
1291187,United States of America,Yasir Mohammad
1433364,West Indies,A Athanaze
531982,West Indies,A Martin
1489968,West Indies,AA Jangoo
439139,West Indies,AB Barath
258464,West Indies,ACL Richards
1041615,West Indies,AD Russell
1041615,West Indies,ADS Fletcher
1256720,West Indies,AJ Hosein
1140071,West Indies,AM McCarthy
1031665,West Indies,AR Nurse
1298137,West Indies,AS Joseph
1489968,West Indies,AWJ Auguste
1187018,West Indies,BA King
319112,West Indies,BA Parchment
1031665,West Indies,CAK Walton
489212,West Indies,CD Barnwell
1031665,West Indies,CH Gayle
1031665,West Indies,CR Brathwaite
366707,West Indies,CS Baugh
1158072,West Indies,D Bishoo
237242,West Indies,D Ganga
1140069,West Indies,D Ramdin
258463,West Indies,DBL Powell
1256723,West Indies,DC Drakes
1287773,West Indies,DC Thomas
401076,West Indies,DE Bernard
1041615,West Indies,DJ Bravo
258463,West Indies,DJG Sammy
237242,West Indies,DK Butler
1153317,West Indies,DM Bravo
401076,West Indies,DM Richards
525816,West Indies,DO Christian
489212,West Indies,DP Hyatt
237242,West Indies,DR Smith
258463,West Indies,DS Smith
1031665,West Indies,E Lewis
1153317,West Indies,FA Allen
1252066,West Indies,FH Edwards
401076,West Indies,FL Reifer
1287775,West Indies,G Motie
401076,West Indies,GC Tonge
525817,West Indies,GE Mathurin
1187018,West Indies,HR Walsh
237242,West Indies,IDR Bradshaw
1472525,West Indies,J Andrew
1472522,West Indies,J Blades
1041615,West Indies,J Charles
1158073,West Indies,JD Campbell
1031665,West Indies,JE Taylor
1085495,West Indies,JN Mohammed
1433385,West Indies,JNT Seales
1077947,West Indies,JO Holder
1433385,West Indies,JP Greaves
1489970,West Indies,K Gore
1157759,West Indies,K Pierre
525817,West Indies,K Santokie
1252066,West Indies,K Sinclair
1031665,West Indies,KA Pollard
319142,West Indies,KAJ Roach
1140069,West Indies,KMA Paul
661695,West Indies,KOA Powell
1031665,West Indies,KOK Williams
1233955,West Indies,KR Mayers
1472516,West Indies,KU Carty
1041615,West Indies,LMP Simmons
352674,West Indies,LS Baker
525817,West Indies,MC Bascombe
1031665,West Indies,MN Samuels
1373582,West Indies,MW Forde
1489968,West Indies,N Bidaisee
406197,West Indies,N Deonarine
1050217,West Indies,N Pooran
525816,West Indies,NE Bonner
401076,West Indies,NO Miller
1153317,West Indies,O Thomas
1158072,West Indies,OC McCoy
1140070,West Indies,OF Smith
1031665,West Indies,R Powell
1273725,West Indies,R Rampaul
1203677,West Indies,R Shepherd
1317482,West Indies,RA Reifer
1273734,West Indies,RL Chase
298804,West Indies,RN Lewis
1115800,West Indies,RR Emrit
287853,West Indies,RR Sarwan
1489968,West Indies,RR Simmonds
237242,West Indies,RS Morton
1041615,West Indies,S Badree
237242,West Indies,S Chanderpaul
1433362,West Indies,S Joseph
1115798,West Indies,SD Hope
366707,West Indies,SE Findlay
1153319,West Indies,SE Rutherford
319142,West Indies,SJ Benn
1451814,West Indies,SK Springer
1115799,West Indies,SO Hetmyer
1031665,West Indies,SP Narine
1115799,West Indies,SS Cottrell
1287773,West Indies,SSJ Brooks
593987,West Indies,ST Gabriel
1433374,West Indies,T Hinds
573027,West Indies,TL Best
401076,West Indies,TM Dowlin
1140069,West Indies,V Permaul
319142,West Indies,WKD Perkins
237242,West Indies,WW Hinds
319142,West Indies,XM Marshall
1317482,West Indies,Y Cariah
1489969,West Indies,Z Motara
1197143,Zimbabwe,A Ndlovu
1007655,Zimbabwe,AG Cremer
412684,Zimbabwe,AM Blignaut
1298158,Zimbabwe,B Evans
1142918,Zimbabwe,B Mavuta
1142913,Zimbabwe,B Muzarabani
1201680,Zimbabwe,BB Chari
1408103,Zimbabwe,BJ Bennett
1144149,Zimbabwe,BRM Taylor
533272,Zimbabwe,BV Vitori
1348323,Zimbabwe,C Madande
1142916,Zimbabwe,C Zhuwao
1142915,Zimbabwe,CB Mpofu
1007655,Zimbabwe,CJ Chibhabha
412684,Zimbabwe,CK Coventry
1214671,Zimbabwe,CK Tshuma
1168521,Zimbabwe,CR Ervine
1214670,Zimbabwe,CT Mumba
1007655,Zimbabwe,CT Mutombodzi
1201683,Zimbabwe,D Jakiel
1267680,Zimbabwe,D Myers
1007655,Zimbabwe,DT Tiripano
1007655,Zimbabwe,E Chigumbura
452153,Zimbabwe,EC Rainsford
520595,Zimbabwe,F Mutizwa
412684,Zimbabwe,GA Lamb
287856,Zimbabwe,GB Brent
1348323,Zimbabwe,GS Ballance
1007655,Zimbabwe,H Masakadza
1273272,Zimbabwe,I Kaia
1420223,Zimbabwe,J Campbell
1425126,Zimbabwe,J Gumbie
1142913,Zimbabwe,J Nyumbu
1323297,Zimbabwe,JK Masara
1424765,Zimbabwe,K Macheka
287856,Zimbabwe,KM Dabengwa
1142913,Zimbabwe,KM Jarvis
520595,Zimbabwe,KO Meth
1257183,Zimbabwe,LM Jongwe
1233466,Zimbabwe,M Faraz Akram
1233466,Zimbabwe,M Shumba
1007655,Zimbabwe,MN Waller
593986,Zimbabwe,N M'shangwe
1007655,Zimbabwe,N Madziva
1404393,Zimbabwe,NP Mayavo
1404390,Zimbabwe,NR Welch
1424752,Zimbabwe,O Muzondo
287856,Zimbabwe,P Utseya
1007657,Zimbabwe,PJ Moor
1424752,Zimbabwe,R Mupfudza
1007655,Zimbabwe,R Mutumbami
1201682,Zimbabwe,R Ngarava
1142913,Zimbabwe,RP Burl
1197143,Zimbabwe,RW Chakabva
412684,Zimbabwe,RW Price
287856,Zimbabwe,S Matsikenyeri
1144149,Zimbabwe,SC Williams
1142913,Zimbabwe,SF Mire
439139,Zimbabwe,SW Masakadza
1007655,Zimbabwe,Sikandar Raza
1408103,Zimbabwe,T Gwandu
682901,Zimbabwe,T Kamungozi
1007659,Zimbabwe,T Maruma
1257183,Zimbabwe,T Marumani
1197140,Zimbabwe,T Munyonga
287856,Zimbabwe,T Mupariwa
1424752,Zimbabwe,T Musekiwa
1007655,Zimbabwe,T Muzarabani
623571,Zimbabwe,T Panyangara
287856,Zimbabwe,T Taibu
1142913,Zimbabwe,TK Musakanda
1007659,Zimbabwe,TL Chatara
1310938,Zimbabwe,TL Chivanga
1142913,Zimbabwe,TS Chisoro
1214670,Zimbabwe,TS Kamunhukamwe
1444654,Zimbabwe,TT Maposa
1424752,Zimbabwe,TZ Chataira
1007659,Zimbabwe,V Sibanda
1310941,Zimbabwe,VM Nyauchi
1214670,Zimbabwe,W Madhevere
1142916,Zimbabwe,WP Masakadza
1201683,Zimbabwe,WT Mashinge
1424752,Zimbabwe,WT Mubayiwa
