full_name,team,role,matches_played,innings_batted,runs,balls_faced,batting_average,strike_rate,fifties,hundreds,fours,sixes,highest_score,wickets,balls_bowled,runs_conceded,bowling_average,economy,catches,stumpings,run_outs,confidence
Babar Azam,Pakistan,Batter,122.0,2.0,4251.0,3389.0,2125.5,125.44,0.0,1.0,453.0,73.0,122.0,0.0,0.0,0.0,0.0,0.0,51.0,0.0,0.0,100.0
Jos Buttler,England,Batter,128.0,3.0,3831.0,2642.0,1277.0,145.0,0.0,1.0,344.0,172.0,101.0,0.0,0.0,0.0,0.0,0.0,82.0,15.0,6.0,85.71428571428572
Mohammad Rizwan,Pakistan,Batter,91.0,2.0,3386.0,2766.0,1693.0,122.42,0.0,1.0,284.0,94.0,104.0,0.0,0.0,0.0,0.0,0.0,53.0,12.0,8.0,100.0
Paul Stirling,Ireland,All-rounder,120.0,2.0,2975.0,2276.0,1487.5,130.71,0.0,1.0,346.0,106.0,115.0,18.0,490.0,577.0,32.05555555555556,7.07,31.0,0.0,1.0,83.33333333333334
Glenn Maxwell,Australia,All-rounder,111.0,3.0,2723.0,1829.0,907.67,148.88,0.0,1.0,228.0,143.0,145.0,52.0,1095.0,1491.0,28.673076923076923,8.17,60.0,0.0,2.0,78.26086956521739
David Miller,South Africa,Batter,113.0,3.0,2585.0,1904.0,861.67,135.77,0.0,1.0,167.0,130.0,106.0,0.0,0.0,0.0,0.0,0.0,82.0,1.0,5.0,76.19047619047619
Quinton de Kock,South Africa,Batter,91.0,2.0,2565.0,1920.0,1282.5,133.59,0.0,1.0,263.0,101.0,100.0,0.0,0.0,0.0,0.0,0.0,81.0,18.0,2.0,75.0
Reeza Hendricks,South Africa,Batter,85.0,2.0,2454.0,1936.0,1227.0,126.76,0.0,1.0,264.0,68.0,117.0,0.0,30.0,66.0,0.0,13.2,38.0,0.0,0.0,81.4814814814815
Liton Das,Bangladesh,Batter,104.0,2.0,2355.0,1895.0,1177.5,124.27,1.0,0.0,233.0,73.0,83.0,0.0,0.0,0.0,0.0,0.0,69.0,13.0,2.0,100.0
Sikandar Raza,Zimbabwe,All-rounder,99.0,2.0,2283.0,1749.0,1141.5,130.53,0.0,1.0,169.0,114.0,133.0,92.0,1724.0,1940.0,21.08695652173913,6.75,37.0,0.0,2.0,100.0
Max O'Dowd,Netherlands,Batter,81.0,4.0,2211.0,1873.0,552.75,118.05,0.0,1.0,232.0,55.0,133.0,4.0,112.0,158.0,39.5,8.46,34.0,0.0,1.0,84.21052631578947
Fakhar Zaman,Pakistan,Batter,96.0,2.0,2178.0,1693.0,1089.0,128.65,1.0,0.0,207.0,84.0,91.0,0.0,6.0,12.0,0.0,12.0,52.0,0.0,0.0,100.0
KL Rahul,India,Batter,66.0,3.0,2149.0,1599.0,716.33,134.4,0.0,1.0,181.0,96.0,110.0,0.0,0.0,0.0,0.0,0.0,24.0,1.0,1.0,100.0
Pathum Nissanka,Sri Lanka,Batter,66.0,3.0,2069.0,1708.0,689.67,121.14,0.0,1.0,205.0,56.0,107.0,0.0,0.0,0.0,0.0,0.0,15.0,0.0,1.0,80.0
Rovman Powell,West Indies,Batter,91.0,2.0,2029.0,1504.0,1014.5,134.91,0.0,1.0,121.0,135.0,107.0,4.0,119.0,201.0,50.25,10.13,51.0,0.0,0.0,76.19047619047619
Simon Ssesazi,Uganda,Batter,75.0,2.0,1970.0,1676.0,985.0,117.54,0.0,1.0,204.0,71.0,100.0,0.0,0.0,0.0,0.0,0.0,18.0,0.0,1.0,76.19047619047619
Glenn Phillips,New Zealand,Batter,73.0,2.0,1911.0,1383.0,955.5,138.18,0.0,1.0,136.0,91.0,108.0,8.0,133.0,160.0,20.0,7.22,50.0,2.0,1.0,80.0
Richie Berrington,Scotland,All-rounder,75.0,2.0,1871.0,1466.0,935.5,127.63,1.0,0.0,141.0,71.0,82.0,22.0,425.0,534.0,24.272727272727273,7.54,17.0,0.0,1.0,80.0
Tim Seifert,New Zealand,Batter,71.0,4.0,1864.0,1347.0,466.0,138.38,1.0,0.0,167.0,91.0,97.0,0.0,0.0,0.0,0.0,0.0,39.0,10.0,1.0,85.71428571428572
Kushal Bhurtel,Nepal,All-rounder,67.0,4.0,1791.0,1458.0,447.75,122.84,0.0,1.0,167.0,76.0,104.0,30.0,355.0,384.0,12.8,6.49,38.0,0.0,1.0,78.26086956521739
Mark Chapman,New Zealand,Batter,77.0,3.0,1761.0,1324.0,587.0,133.01,0.0,1.0,151.0,72.0,104.0,3.0,67.0,76.0,25.333333333333332,6.81,40.0,0.0,1.0,81.81818181818181
Daryl Mitchell,New Zealand,Batter,78.0,3.0,1653.0,1227.0,551.0,134.72,1.0,0.0,110.0,63.0,72.0,9.0,107.0,174.0,19.333333333333332,9.76,48.0,0.0,0.0,80.0
Mitchell Hay,New Zealand,Batter,78.0,3.0,1653.0,1227.0,551.0,134.72,1.0,0.0,110.0,63.0,72.0,9.0,107.0,174.0,19.333333333333332,9.76,48.0,0.0,0.0,78.26086956521739
Aasif Sheikh,Nepal,Batter,65.0,2.0,1628.0,1404.0,814.0,115.95,1.0,0.0,150.0,64.0,69.0,0.0,0.0,0.0,0.0,0.0,35.0,15.0,0.0,100.0
Dasun Shanaka,Sri Lanka,All-rounder,97.0,3.0,1595.0,1354.0,531.67,117.8,1.0,0.0,116.0,80.0,74.0,35.0,612.0,801.0,22.885714285714286,7.85,34.0,0.0,3.0,78.26086956521739
Tim David,Australia,Batter,57.0,2.0,1594.0,971.0,797.0,164.16,0.0,1.0,126.0,102.0,102.0,6.0,169.0,257.0,42.833333333333336,9.12,38.0,0.0,1.0,82.35294117647058
Devon Conway,New Zealand,Batter,53.0,2.0,1584.0,1270.0,792.0,124.72,1.0,0.0,153.0,43.0,99.0,0.0,0.0,0.0,0.0,0.0,36.0,6.0,0.0,76.19047619047619
Rohit Paudel,Nepal,All-rounder,70.0,6.0,1575.0,1376.0,262.5,114.46,1.0,0.0,126.0,46.0,61.0,14.0,231.0,252.0,18.0,6.55,39.0,0.0,1.0,76.19047619047619
Riazat Ali Shah,Uganda,All-rounder,62.0,2.0,1568.0,1277.0,784.0,122.79,1.0,0.0,116.0,69.0,98.0,48.0,775.0,899.0,18.729166666666668,6.96,26.0,0.0,6.0,100.0
Phil Salt,England,Batter,46.0,2.0,1540.0,949.0,770.0,162.28,0.0,1.0,154.0,75.0,141.0,0.0,0.0,0.0,0.0,0.0,31.0,2.0,0.0,75.0
Ryan Burl,Zimbabwe,All-rounder,85.0,2.0,1533.0,1252.0,766.5,122.44,1.0,0.0,114.0,60.0,61.0,50.0,950.0,1141.0,22.82,7.21,40.0,0.0,0.0,75.0
Aiden Markram,South Africa,All-rounder,57.0,2.0,1444.0,1016.0,722.0,142.13,1.0,0.0,128.0,63.0,70.0,15.0,380.0,523.0,34.86666666666667,8.26,38.0,0.0,1.0,78.26086956521739
Soumya Sarkar,Bangladesh,All-rounder,81.0,2.0,1434.0,1215.0,717.0,118.02,1.0,0.0,143.0,54.0,68.0,12.0,287.0,416.0,34.666666666666664,8.7,43.0,0.0,2.0,100.0
Rassie van der Dussen,South Africa,Batter,53.0,3.0,1407.0,1130.0,469.0,124.51,1.0,0.0,89.0,62.0,94.0,0.0,0.0,0.0,0.0,0.0,23.0,0.0,0.0,78.94736842105263
Johnson Charles,West Indies,Batter,61.0,2.0,1403.0,1136.0,701.5,123.5,0.0,1.0,148.0,67.0,118.0,0.0,0.0,0.0,0.0,0.0,24.0,2.0,0.0,75.0
Shai Hope,West Indies,Batter,53.0,2.0,1315.0,972.0,657.5,135.29,0.0,1.0,103.0,72.0,102.0,0.0,0.0,0.0,0.0,0.0,23.0,1.0,1.0,75.0
Marcus Stoinis,Australia,All-rounder,64.0,3.0,1310.0,900.0,436.67,145.56,1.0,0.0,111.0,63.0,78.0,51.0,880.0,1232.0,24.15686274509804,8.4,22.0,0.0,0.0,75.0
Harry Tector,Ireland,Batter,68.0,2.0,1308.0,1141.0,654.0,114.64,1.0,0.0,105.0,31.0,64.0,9.0,182.0,196.0,21.77777777777778,6.46,47.0,0.0,3.0,76.19047619047619
Assad Vala,Papua New Guinea,All-rounder,53.0,2.0,1233.0,1088.0,616.5,113.33,1.0,0.0,108.0,38.0,93.0,37.0,539.0,586.0,15.837837837837839,6.52,26.0,0.0,0.0,75.0
Lorcan Tucker,Ireland,Batter,58.0,2.0,1201.0,976.0,600.5,123.05,1.0,0.0,112.0,30.0,94.0,0.0,0.0,0.0,0.0,0.0,48.0,6.0,1.0,76.19047619047619
Scott Edwards,Netherlands,Batter,71.0,3.0,1193.0,972.0,397.67,122.74,1.0,0.0,92.0,30.0,99.0,0.0,0.0,0.0,0.0,0.0,64.0,10.0,1.0,78.26086956521739
Zeeshan Maqsood,Oman,All-rounder,55.0,3.0,1192.0,1022.0,397.33,116.63,0.0,1.0,119.0,42.0,102.0,52.0,1011.0,1096.0,21.076923076923077,6.5,11.0,0.0,0.0,100.0
Aqib Ilyas,Oman,All-rounder,46.0,4.0,1181.0,998.0,295.25,118.34,1.0,0.0,108.0,41.0,67.0,45.0,702.0,708.0,15.733333333333333,6.05,15.0,0.0,1.0,100.0
JJ Smit,Namibia,All-rounder,55.0,2.0,1175.0,815.0,587.5,144.17,0.0,1.0,71.0,72.0,111.0,69.0,977.0,1037.0,15.028985507246377,6.37,27.0,0.0,0.0,100.0
Wessley Madhevere,Zimbabwe,All-rounder,65.0,2.0,1164.0,1038.0,582.0,112.14,1.0,0.0,128.0,16.0,73.0,16.0,422.0,487.0,30.4375,6.92,26.0,0.0,0.0,78.57142857142857
Andre Russell,West Indies,All-rounder,71.0,2.0,1112.0,706.0,556.0,157.51,1.0,0.0,65.0,95.0,71.0,62.0,1234.0,1895.0,30.56451612903226,9.21,17.0,0.0,3.0,78.26086956521739
Dinesh Nakrani,Uganda,All-rounder,64.0,2.0,1088.0,883.0,544.0,123.22,1.0,0.0,66.0,67.0,77.0,100.0,1451.0,1381.0,13.81,5.71,15.0,0.0,1.0,75.0
Dinesh Chandimal,Sri Lanka,Batter,61.0,2.0,1048.0,1032.0,524.0,101.55,1.0,0.0,89.0,21.0,66.0,0.0,0.0,0.0,0.0,0.0,36.0,6.0,0.0,78.57142857142857
Jan Frylinck,Namibia,All-rounder,53.0,2.0,1033.0,849.0,516.5,121.67,0.0,1.0,89.0,29.0,134.0,59.0,958.0,1097.0,18.593220338983052,6.87,27.0,0.0,0.0,86.95652173913044
Afif Hossain,Bangladesh,Batter,58.0,2.0,1031.0,888.0,515.5,116.1,1.0,0.0,79.0,36.0,77.0,10.0,193.0,252.0,25.2,7.83,16.0,0.0,1.0,100.0
Sese Bau,Papua New Guinea,All-rounder,46.0,2.0,1023.0,942.0,511.5,108.6,1.0,0.0,88.0,31.0,85.0,14.0,355.0,392.0,28.0,6.63,21.0,0.0,2.0,76.92307692307692
Abhishek Sharma,India,Batter,28.0,2.0,1012.0,551.0,506.0,183.67,0.0,1.0,96.0,66.0,135.0,6.0,134.0,183.0,30.5,8.19,12.0,0.0,0.0,100.0
James Neesham,New Zealand,All-rounder,71.0,3.0,1010.0,720.0,336.67,140.28,0.0,0.0,77.0,54.0,48.0,57.0,886.0,1283.0,22.50877192982456,8.69,42.0,0.0,0.0,75.0
Towhid Hridoy,Bangladesh,Batter,45.0,2.0,982.0,833.0,491.0,117.89,1.0,0.0,62.0,36.0,63.0,0.0,2.0,5.0,0.0,15.0,17.0,0.0,1.0,100.0
Andre Fletcher,West Indies,Batter,56.0,2.0,973.0,913.0,486.5,106.57,1.0,0.0,65.0,53.0,84.0,0.0,0.0,0.0,0.0,0.0,23.0,3.0,2.0,76.92307692307692
Tilak Varma,India,Batter,32.0,2.0,970.0,691.0,485.0,140.38,0.0,1.0,73.0,53.0,120.0,3.0,46.0,45.0,15.0,5.87,27.0,0.0,0.0,100.0
Kushal Malla,Nepal,All-rounder,51.0,3.0,965.0,755.0,321.67,127.81,0.0,1.0,54.0,66.0,137.0,23.0,384.0,399.0,17.347826086956523,6.23,16.0,0.0,0.0,100.0
Najmul Hossain Shanto,Bangladesh,Batter,44.0,2.0,959.0,913.0,479.5,105.04,1.0,0.0,88.0,19.0,71.0,0.0,19.0,26.0,0.0,8.21,30.0,0.0,1.0,95.23809523809523
GH Dockrell,Ireland,All-rounder,76.0,2.0,935.0,729.0,467.5,128.26,1.0,0.0,67.0,36.0,53.0,74.0,1223.0,1414.0,19.10810810810811,6.94,46.0,0.0,1.0,100.0
Calum MacLeod,Scotland,Batter,48.0,2.0,930.0,861.0,465.0,108.01,1.0,0.0,83.0,15.0,74.0,3.0,141.0,184.0,61.333333333333336,7.83,30.0,0.0,3.0,78.26086956521739
Liam Livingstone,England,All-rounder,46.0,2.0,926.0,659.0,463.0,140.52,0.0,1.0,51.0,59.0,103.0,35.0,595.0,852.0,24.34285714285714,8.59,24.0,0.0,0.0,86.66666666666667
Tanzid Hasan,Bangladesh,Batter,37.0,2.0,918.0,743.0,459.0,123.55,1.0,0.0,85.0,42.0,89.0,0.0,0.0,0.0,0.0,0.0,18.0,0.0,0.0,100.0
Josh Inglis,Australia,Batter,37.0,2.0,911.0,594.0,455.5,153.37,0.0,1.0,92.0,37.0,110.0,0.0,0.0,0.0,0.0,0.0,25.0,2.0,1.0,80.0
Saim Ayub,Pakistan,All-rounder,43.0,2.0,864.0,646.0,432.0,133.75,1.0,0.0,86.0,43.0,98.0,17.0,328.0,382.0,22.470588235294116,6.99,20.0,0.0,0.0,100.0
JP Kotze,Namibia,Batter,45.0,2.0,855.0,740.0,427.5,115.54,0.0,1.0,85.0,40.0,101.0,0.0,0.0,0.0,0.0,0.0,21.0,5.0,1.0,100.0
Mohammad Naim,Bangladesh,Batter,35.0,2.0,839.0,827.0,419.5,101.45,1.0,0.0,74.0,18.0,81.0,0.0,0.0,0.0,0.0,0.0,19.0,0.0,0.0,100.0
Kashyap Prajapati,Oman,Batter,43.0,2.0,816.0,785.0,408.0,103.95,1.0,0.0,80.0,26.0,74.0,0.0,8.0,19.0,0.0,14.25,20.0,0.0,0.0,75.86206896551724
Shubman Gill,India,Batter,32.0,2.0,814.0,601.0,407.0,135.44,0.0,1.0,87.0,26.0,126.0,0.0,0.0,0.0,0.0,0.0,9.0,0.0,0.0,100.0
Ishan Kishan,India,Batter,32.0,2.0,796.0,669.0,398.0,118.98,1.0,0.0,79.0,36.0,89.0,0.0,0.0,0.0,0.0,0.0,13.0,3.0,3.0,100.0
Kyle Mayers,West Indies,Batter,39.0,2.0,773.0,592.0,386.5,130.57,1.0,0.0,69.0,51.0,73.0,2.0,128.0,197.0,98.5,9.23,17.0,0.0,2.0,80.0
Romario Shepherd,West Indies,All-rounder,47.0,2.0,772.0,573.0,386.0,134.73,0.0,0.0,44.0,55.0,49.0,80.0,1332.0,2089.0,26.1125,9.41,13.0,0.0,1.0,76.92307692307692
Aaron Jones,United States of America,Batter,42.0,3.0,767.0,697.0,255.67,110.04,1.0,0.0,40.0,39.0,94.0,8.0,117.0,139.0,17.375,7.13,11.0,0.0,0.0,100.0
Aaron Johnson,Canada,Batter,42.0,3.0,767.0,697.0,255.67,110.04,1.0,0.0,40.0,39.0,94.0,8.0,117.0,139.0,17.375,7.13,11.0,0.0,0.0,83.33333333333334
Alpesh Ramjani,Uganda,All-rounder,40.0,2.0,745.0,583.0,372.5,127.79,1.0,0.0,61.0,26.0,78.0,102.0,1224.0,975.0,9.558823529411764,4.78,14.0,0.0,1.0,75.0
Mark Adair,Ireland,All-rounder,57.0,2.0,725.0,582.0,362.5,124.57,1.0,0.0,49.0,36.0,72.0,126.0,1860.0,2291.0,18.182539682539684,7.39,31.0,0.0,0.0,77.77777777777779
Bas de Leede,Netherlands,All-rounder,38.0,2.0,723.0,729.0,361.5,99.18,1.0,0.0,52.0,18.0,91.0,40.0,608.0,774.0,19.35,7.64,21.0,0.0,1.0,83.33333333333334
Jason Holder,West Indies,All-rounder,58.0,2.0,707.0,534.0,353.5,132.4,0.0,0.0,43.0,45.0,38.0,105.0,1834.0,2545.0,24.238095238095237,8.33,39.0,0.0,0.0,76.19047619047619
Mohammad Nadeem,Oman,All-rounder,42.0,2.0,700.0,687.0,350.0,101.89,1.0,0.0,42.0,19.0,77.0,41.0,815.0,1037.0,25.29268292682927,7.63,18.0,0.0,1.0,100.0
Corey Anderson,United States of America,All-rounder,34.0,2.0,697.0,576.0,348.5,121.01,1.0,0.0,40.0,35.0,94.0,20.0,445.0,602.0,30.1,8.12,19.0,0.0,1.0,80.0
Usman Khan,Pakistan,All-rounder,42.0,2.0,694.0,607.0,347.0,114.33,1.0,0.0,68.0,15.0,63.0,35.0,453.0,479.0,13.685714285714285,6.34,12.0,3.0,1.0,100.0
Shadab Khan,Pakistan,All-rounder,49.0,3.0,687.0,503.0,229.0,136.58,1.0,0.0,47.0,35.0,52.0,120.0,2144.0,2646.0,22.05,7.4,34.0,0.0,3.0,100.0
Jaker Ali,Bangladesh,Batter,37.0,2.0,672.0,563.0,336.0,119.36,1.0,0.0,36.0,38.0,72.0,0.0,0.0,0.0,0.0,0.0,20.0,3.0,0.0,100.0
Mohammad Nawaz,Pakistan,All-rounder,43.0,2.0,650.0,481.0,325.0,135.14,0.0,0.0,53.0,35.0,45.0,48.0,882.0,1099.0,22.895833333333332,7.48,24.0,0.0,0.0,100.0
Harsh Thaker,Canada,All-rounder,36.0,2.0,646.0,539.0,323.0,119.85,1.0,0.0,35.0,28.0,53.0,40.0,715.0,728.0,18.2,6.11,10.0,0.0,0.0,80.0
Ravinderpal Singh,Canada,Batter,33.0,2.0,631.0,460.0,315.5,137.17,0.0,1.0,43.0,36.0,101.0,2.0,26.0,29.0,14.5,6.69,24.0,0.0,0.0,100.0
Sahibzada Farhan,Pakistan,Batter,27.0,2.0,627.0,529.0,313.5,118.53,1.0,0.0,46.0,36.0,74.0,0.0,0.0,0.0,0.0,0.0,12.0,0.0,1.0,100.0
Zane Green,Namibia,Batter,47.0,2.0,618.0,577.0,309.0,107.11,1.0,0.0,53.0,13.0,52.0,0.0,0.0,0.0,0.0,0.0,60.0,7.0,1.0,77.77777777777779
Naseem Khushi,Oman,Batter,34.0,4.0,612.0,384.0,153.0,159.38,1.0,0.0,39.0,47.0,69.0,0.0,0.0,0.0,0.0,0.0,18.0,4.0,1.0,100.0
David Wiese,Namibia,All-rounder,37.0,3.0,601.0,468.0,200.33,128.42,1.0,0.0,33.0,31.0,66.0,68.0,1050.0,1212.0,17.823529411764707,6.93,16.0,0.0,4.0,77.77777777777779
Gulshan Jha,Nepal,All-rounder,38.0,3.0,595.0,435.0,198.33,136.78,1.0,0.0,32.0,43.0,55.0,29.0,544.0,639.0,22.03448275862069,7.05,16.0,0.0,2.0,95.23809523809523
Clive Madande,Zimbabwe,Batter,35.0,2.0,573.0,499.0,286.5,114.83,1.0,0.0,45.0,19.0,53.0,0.0,0.0,0.0,0.0,0.0,22.0,1.0,1.0,81.81818181818181
Sherfane Rutherford,West Indies,Batter,34.0,2.0,572.0,422.0,286.0,135.55,1.0,0.0,44.0,35.0,68.0,3.0,39.0,64.0,21.333333333333332,9.85,11.0,0.0,0.0,75.0
Ayaan Khan,Oman,Batter,34.0,2.0,540.0,531.0,270.0,101.69,1.0,0.0,33.0,16.0,53.0,7.0,290.0,389.0,55.57142857142857,8.05,22.0,0.0,3.0,94.73684210526316
Rachin Ravindra,New Zealand,All-rounder,33.0,2.0,528.0,403.0,264.0,131.02,1.0,0.0,42.0,20.0,69.0,15.0,281.0,313.0,20.866666666666667,6.68,14.0,0.0,0.0,80.0
Ben Duckett,England,Batter,20.0,2.0,527.0,353.0,263.5,149.29,1.0,0.0,69.0,8.0,84.0,0.0,0.0,0.0,0.0,0.0,12.0,0.0,0.0,85.71428571428572
Roelof van der Merwe,Netherlands,All-rounder,40.0,3.0,518.0,408.0,172.67,126.96,1.0,0.0,40.0,15.0,75.0,74.0,1228.0,1318.0,17.81081081081081,6.44,21.0,0.0,1.0,83.33333333333334
Mohammad Haris,Pakistan,Batter,28.0,2.0,515.0,374.0,257.5,137.7,0.0,1.0,45.0,26.0,107.0,0.0,0.0,0.0,0.0,0.0,22.0,3.0,1.0,100.0
Michael van Lingen,Namibia,Batter,26.0,2.0,507.0,450.0,253.5,112.67,1.0,0.0,61.0,13.0,67.0,0.0,20.0,38.0,0.0,11.4,10.0,0.0,0.0,80.0
Dion Myers,Zimbabwe,Batter,24.0,2.0,502.0,392.0,251.0,128.06,1.0,0.0,46.0,15.0,96.0,0.0,50.0,98.0,0.0,11.76,7.0,0.0,0.0,82.35294117647058
Agha Salman,Pakistan,Batter,29.0,2.0,499.0,472.0,249.5,105.72,1.0,0.0,45.0,10.0,56.0,6.0,99.0,132.0,22.0,8.0,12.0,0.0,1.0,100.0
Shamim Hossain,Bangladesh,Batter,32.0,2.0,495.0,409.0,247.5,121.03,1.0,0.0,43.0,18.0,51.0,3.0,97.0,119.0,39.666666666666664,7.36,16.0,0.0,1.0,100.0
Tim Robinson,New Zealand,Batter,19.0,2.0,495.0,379.0,247.5,130.61,0.0,1.0,41.0,20.0,106.0,0.0,0.0,0.0,0.0,0.0,8.0,0.0,0.0,86.95652173913044
Nurul Hasan,Bangladesh,Batter,45.0,2.0,489.0,432.0,244.5,113.19,0.0,0.0,27.0,19.0,42.0,0.0,0.0,0.0,0.0,0.0,21.0,9.0,3.0,100.0
Luke Jongwe,Zimbabwe,Bowler,43.0,2.0,483.0,405.0,241.5,119.26,0.0,0.0,42.0,14.0,35.0,65.0,981.0,1339.0,20.6,8.19,13.0,0.0,1.0,80.0
Faheem Ashraf,Pakistan,Bowler,48.0,2.0,480.0,363.0,240.0,132.23,1.0,0.0,29.0,28.0,51.0,58.0,1074.0,1383.0,23.844827586206897,7.73,18.0,0.0,0.0,100.0
Parvez Hossain Emon,Bangladesh,Batter,24.0,2.0,460.0,360.0,230.0,127.78,0.0,1.0,39.0,30.0,100.0,0.0,0.0,0.0,0.0,0.0,6.0,0.0,0.0,100.0
Karan KC,Nepal,Bowler,44.0,2.0,458.0,306.0,229.0,149.67,0.0,0.0,20.0,39.0,45.0,113.0,1631.0,2095.0,18.539823008849556,7.71,23.0,0.0,1.0,100.0
Saad Bin Zafar,Canada,Bowler,31.0,2.0,455.0,371.0,227.5,122.64,0.0,0.0,36.0,16.0,33.0,75.0,1265.0,1270.0,16.933333333333334,6.02,20.0,0.0,1.0,100.0
Tom Banton,England,Batter,21.0,2.0,451.0,302.0,225.5,149.34,1.0,0.0,45.0,20.0,73.0,0.0,0.0,0.0,0.0,0.0,14.0,0.0,0.0,88.88888888888889
Sam Curran,England,Bowler,38.0,2.0,450.0,353.0,225.0,127.48,1.0,0.0,24.0,22.0,50.0,56.0,1139.0,1593.0,28.446428571428573,8.39,23.0,0.0,1.0,84.21052631578947
Hussain Talat,Pakistan,Batter,22.0,2.0,441.0,401.0,220.5,109.98,1.0,0.0,41.0,5.0,63.0,7.0,79.0,108.0,15.428571428571429,8.2,9.0,0.0,0.0,100.0
Michael Bracewell,New Zealand,Bowler,29.0,2.0,434.0,343.0,217.0,126.53,1.0,0.0,36.0,17.0,61.0,35.0,614.0,735.0,21.0,7.18,22.0,0.0,0.0,75.86206896551724
Pargat Singh,Canada,Batter,21.0,2.0,430.0,379.0,215.0,113.46,1.0,0.0,39.0,14.0,89.0,3.0,55.0,92.0,30.666666666666668,10.04,2.0,0.0,0.0,100.0
Khushdil Shah,Pakistan,Batter,30.0,2.0,425.0,421.0,212.5,100.95,0.0,0.0,26.0,20.0,36.0,6.0,101.0,117.0,19.5,6.95,11.0,0.0,0.0,100.0
Hasan Nawaz,Pakistan,Batter,21.0,2.0,424.0,277.0,212.0,153.07,0.0,1.0,22.0,33.0,105.0,0.0,0.0,0.0,0.0,0.0,12.0,0.0,0.0,95.65217391304348
Jordan Cox,England,Bowler,51.0,2.0,424.0,332.0,212.0,127.71,0.0,0.0,29.0,21.0,36.0,123.0,2034.0,2881.0,23.422764227642276,8.5,47.0,0.0,2.0,84.21052631578947
Mahedi Hasan,Bangladesh,Bowler,42.0,2.0,402.0,415.0,201.0,96.87,0.0,0.0,28.0,14.0,33.0,67.0,1374.0,1539.0,22.970149253731343,6.72,19.0,0.0,0.0,100.0
Will Jacks,England,Batter,25.0,2.0,401.0,306.0,200.5,131.05,0.0,0.0,41.0,15.0,40.0,3.0,50.0,79.0,26.333333333333332,9.48,9.0,0.0,0.0,77.77777777777779
Vikramjit Singh,Netherlands,Batter,27.0,2.0,400.0,362.0,200.0,110.5,1.0,0.0,33.0,17.0,52.0,6.0,102.0,169.0,28.166666666666668,9.94,11.0,0.0,0.0,100.0
Dewald Brevis,South Africa,Batter,15.0,2.0,400.0,234.0,200.0,170.94,0.0,1.0,20.0,35.0,125.0,0.0,0.0,0.0,0.0,0.0,7.0,0.0,0.0,76.19047619047619
Jacob Bethell,England,Batter,18.0,2.0,392.0,261.0,196.0,150.19,1.0,0.0,27.0,26.0,62.0,4.0,69.0,113.0,28.25,9.83,8.0,0.0,1.0,78.26086956521739
Rayyan Pathan,Canada,Batter,12.0,2.0,387.0,251.0,193.5,154.18,0.0,1.0,41.0,17.0,107.0,0.0,12.0,24.0,0.0,12.0,0.0,0.0,0.0,76.19047619047619
Ross Adair,Ireland,Batter,13.0,2.0,375.0,277.0,187.5,135.38,0.0,1.0,31.0,24.0,100.0,0.0,0.0,0.0,0.0,0.0,8.0,0.0,0.0,77.77777777777779
Shayan Jahangir,United States of America,Batter,18.0,3.0,372.0,287.0,124.0,129.62,1.0,0.0,33.0,13.0,61.0,0.0,0.0,0.0,0.0,0.0,4.0,3.0,0.0,100.0
Shoaib Khan,Oman,Batter,29.0,2.0,368.0,368.0,184.0,100.0,1.0,0.0,34.0,12.0,57.0,0.0,0.0,0.0,0.0,0.0,10.0,0.0,0.0,100.0
Brian Masaba,Uganda,Bowler,34.0,2.0,366.0,385.0,183.0,95.06,0.0,0.0,37.0,6.0,37.0,23.0,368.0,338.0,14.695652173913043,5.51,26.0,0.0,2.0,80.0
Dillon Heyliger,Canada,Bowler,33.0,3.0,361.0,225.0,120.33,160.44,0.0,0.0,24.0,24.0,30.0,50.0,964.0,1168.0,23.36,7.27,9.0,0.0,1.0,80.0
Sompal Kami,Nepal,Bowler,45.0,2.0,354.0,336.0,177.0,105.36,0.0,0.0,23.0,15.0,40.0,88.0,1573.0,1869.0,21.238636363636363,7.13,23.0,0.0,3.0,100.0
Gus Atkinson,England,Batter,24.0,2.0,354.0,312.0,177.0,113.46,1.0,0.0,35.0,11.0,68.0,0.0,0.0,0.0,0.0,0.0,24.0,1.0,1.0,78.26086956521739
Tony Munyonga,Zimbabwe,Batter,28.0,2.0,343.0,330.0,171.5,103.94,0.0,0.0,26.0,7.0,44.0,3.0,81.0,64.0,21.333333333333332,4.74,11.0,0.0,0.0,86.95652173913044
Alick Athanaze,West Indies,Batter,13.0,2.0,325.0,259.0,162.5,125.48,1.0,0.0,31.0,17.0,60.0,0.0,7.0,16.0,0.0,13.71,3.0,0.0,1.0,83.33333333333334
Milind Kumar,United States of America,Bowler,17.0,2.0,322.0,319.0,161.0,100.94,1.0,0.0,19.0,6.0,56.0,12.0,180.0,198.0,16.5,6.6,13.0,0.0,0.0,100.0
Shaheen Shah Afridi,Pakistan,Bowler,34.0,2.0,300.0,243.0,150.0,123.46,0.0,0.0,16.0,23.0,33.0,127.0,2043.0,2635.0,20.748031496062993,7.74,21.0,0.0,1.0,100.0
Kiplin Doriga,Papua New Guinea,Batter,28.0,2.0,298.0,297.0,149.0,100.34,0.0,0.0,18.0,10.0,46.0,0.0,0.0,0.0,0.0,0.0,20.0,5.0,0.0,76.19047619047619
Khalid Kail,Oman,Batter,18.0,2.0,294.0,269.0,147.0,109.29,1.0,0.0,22.0,11.0,55.0,0.0,0.0,0.0,0.0,0.0,1.0,0.0,0.0,100.0
Akeal Hosein,West Indies,Bowler,36.0,2.0,293.0,268.0,146.5,109.33,0.0,0.0,18.0,15.0,44.0,86.0,1813.0,2163.0,25.151162790697676,7.16,16.0,0.0,0.0,76.19047619047619
Finn Allen,New Zealand,Bowler,28.0,2.0,293.0,220.0,146.5,133.18,0.0,0.0,20.0,21.0,34.0,24.0,612.0,784.0,32.666666666666664,7.69,24.0,0.0,0.0,77.77777777777779
Saif Hassan,Bangladesh,Batter,13.0,2.0,284.0,253.0,142.0,112.25,1.0,0.0,10.0,20.0,69.0,2.0,64.0,67.0,33.5,6.28,6.0,0.0,1.0,100.0
Barry McCarthy,Ireland,Bowler,31.0,2.0,278.0,237.0,139.0,117.3,1.0,0.0,19.0,15.0,51.0,49.0,1103.0,1529.0,31.20408163265306,8.32,8.0,0.0,1.0,80.0
Chris Greaves,Scotland,Bowler,25.0,2.0,278.0,270.0,139.0,102.96,0.0,0.0,22.0,7.0,45.0,27.0,470.0,588.0,21.77777777777778,7.51,13.0,0.0,0.0,78.26086956521739
Chamika Karunaratne,Sri Lanka,Bowler,33.0,2.0,272.0,266.0,136.0,102.26,0.0,0.0,13.0,11.0,24.0,26.0,720.0,948.0,36.46153846153846,7.9,12.0,0.0,0.0,81.25
Hiri Hiri,Papua New Guinea,Batter,16.0,2.0,261.0,256.0,130.5,101.95,1.0,0.0,22.0,7.0,53.0,3.0,24.0,13.0,4.333333333333333,3.25,8.0,0.0,0.0,80.0
Venkatesh Iyer,India,Bowler,15.0,2.0,260.0,255.0,130.0,101.96,1.0,0.0,24.0,2.0,54.0,20.0,199.0,217.0,10.85,6.54,9.0,0.0,1.0,80.0
Ruben Trumpelmann,Namibia,Bowler,23.0,2.0,254.0,196.0,127.0,129.59,0.0,0.0,17.0,15.0,46.0,48.0,769.0,990.0,20.625,7.72,10.0,0.0,0.0,86.66666666666667
Washington Sundar,India,Bowler,22.0,2.0,254.0,201.0,127.0,126.37,1.0,0.0,21.0,13.0,50.0,52.0,938.0,1052.0,20.23076923076923,6.73,15.0,0.0,0.0,100.0
Mohammad Saifuddin,Bangladesh,Bowler,21.0,2.0,249.0,231.0,124.5,107.79,0.0,0.0,19.0,9.0,39.0,45.0,854.0,1206.0,26.8,8.47,10.0,0.0,0.0,100.0
Harmeet Singh,United States of America,Bowler,18.0,3.0,235.0,165.0,78.33,142.42,0.0,0.0,12.0,15.0,38.0,28.0,542.0,611.0,21.821428571428573,6.76,5.0,0.0,0.0,100.0
Shakeel Ahmed,Oman,Bowler,22.0,2.0,232.0,244.0,116.0,95.08,0.0,0.0,15.0,9.0,45.0,40.0,882.0,951.0,23.775,6.47,3.0,0.0,0.0,100.0
Taskin Ahmed,Bangladesh,Bowler,36.0,2.0,221.0,224.0,110.5,98.66,0.0,0.0,19.0,8.0,31.0,104.0,1743.0,2259.0,21.721153846153847,7.78,7.0,0.0,1.0,100.0
Ish Sodhi,New Zealand,Bowler,38.0,2.0,208.0,208.0,104.0,100.0,0.0,0.0,12.0,10.0,19.0,159.0,2687.0,3516.0,22.11320754716981,7.85,28.0,0.0,0.0,82.35294117647058
Rishad Hossain,Bangladesh,Bowler,28.0,2.0,197.0,161.0,98.5,122.36,1.0,0.0,12.0,15.0,53.0,58.0,947.0,1285.0,22.155172413793103,8.14,22.0,0.0,1.0,100.0
Irfan Khan,Pakistan,Batter,11.0,2.0,189.0,145.0,94.5,130.34,0.0,0.0,20.0,7.0,37.0,0.0,0.0,0.0,0.0,0.0,8.0,0.0,0.0,100.0
Tanzim Hasan Sakib,Bangladesh,Bowler,20.0,2.0,187.0,174.0,93.5,107.47,1.0,0.0,12.0,8.0,50.0,41.0,763.0,1026.0,25.024390243902438,8.07,14.0,0.0,0.0,100.0
Donovan Ferreira,South Africa,Batter,11.0,2.0,185.0,120.0,92.5,154.17,0.0,0.0,10.0,13.0,48.0,1.0,79.0,106.0,106.0,8.05,7.0,0.0,0.0,76.92307692307692
Kagiso Rabada,South Africa,Bowler,25.0,2.0,184.0,165.0,92.0,111.52,0.0,0.0,18.0,6.0,22.0,81.0,1536.0,2077.0,25.641975308641975,8.11,17.0,0.0,1.0,76.19047619047619
Aaron Hardie,Australia,Bowler,11.0,2.0,180.0,149.0,90.0,120.81,0.0,0.0,19.0,5.0,28.0,14.0,253.0,353.0,25.214285714285715,8.37,9.0,0.0,0.0,76.19047619047619
Kamil Mishara,Sri Lanka,Batter,8.0,2.0,178.0,146.0,89.0,121.92,1.0,0.0,17.0,6.0,73.0,0.0,0.0,0.0,0.0,0.0,0.0,0.0,1.0,81.81818181818181
Frank Nsubuga,Uganda,Bowler,21.0,2.0,170.0,162.0,85.0,104.94,0.0,0.0,9.0,10.0,31.0,71.0,1298.0,1018.0,14.338028169014084,4.71,14.0,0.0,1.0,81.81818181818181
Marco Jansen,South Africa,Bowler,14.0,2.0,167.0,116.0,83.5,143.97,1.0,0.0,13.0,11.0,54.0,18.0,424.0,587.0,32.611111111111114,8.31,12.0,0.0,0.0,80.0
Neil Rock,Ireland,Batter,16.0,2.0,160.0,156.0,80.0,102.56,0.0,0.0,13.0,3.0,37.0,0.0,0.0,0.0,0.0,0.0,14.0,2.0,0.0,75.0
Josh Philippe,Australia,Batter,13.0,2.0,160.0,152.0,80.0,105.26,0.0,0.0,12.0,5.0,45.0,0.0,0.0,0.0,0.0,0.0,1.0,0.0,1.0,83.33333333333334
Adil Rashid,England,Bowler,37.0,2.0,155.0,185.0,77.5,83.78,0.0,0.0,12.0,1.0,22.0,147.0,2778.0,3473.0,23.625850340136054,7.5,29.0,0.0,1.0,80.0
Fayyaz Butt,Oman,Bowler,19.0,2.0,147.0,149.0,73.5,98.66,0.0,0.0,11.0,4.0,25.0,49.0,856.0,1086.0,22.163265306122447,7.61,6.0,0.0,0.0,100.0
Rizwan Cheema,Canada,Batter,16.0,2.0,141.0,131.0,70.5,107.63,0.0,0.0,11.0,9.0,32.0,5.0,145.0,191.0,38.2,7.9,6.0,0.0,0.0,100.0
Paul van Meekeren,Netherlands,Bowler,22.0,2.0,136.0,125.0,68.0,108.8,0.0,0.0,9.0,6.0,24.0,87.0,1537.0,1816.0,20.873563218390803,7.09,18.0,0.0,0.0,87.5
Abbas Afridi,Pakistan,Bowler,15.0,2.0,135.0,119.0,67.5,113.45,0.0,0.0,10.0,10.0,22.0,40.0,438.0,602.0,15.05,8.25,5.0,0.0,0.0,100.0
Bjorn Fortuin,South Africa,Bowler,16.0,2.0,127.0,118.0,63.5,107.63,0.0,0.0,14.0,2.0,32.0,26.0,494.0,657.0,25.26923076923077,7.98,4.0,0.0,0.0,78.26086956521739
Josh Little,Ireland,Bowler,23.0,2.0,123.0,144.0,61.5,85.42,0.0,0.0,10.0,3.0,22.0,66.0,1268.0,1534.0,23.242424242424242,7.26,13.0,0.0,0.0,84.21052631578947
Cosmas Kyewuta,Uganda,Bowler,20.0,2.0,120.0,111.0,60.0,108.11,0.0,0.0,9.0,4.0,24.0,60.0,886.0,965.0,16.083333333333332,6.53,6.0,0.0,1.0,78.26086956521739
Jake Fraser-McGurk,Australia,Batter,8.0,2.0,115.0,88.0,57.5,130.68,1.0,0.0,16.0,3.0,50.0,0.0,0.0,0.0,0.0,0.0,9.0,0.0,0.0,90.9090909090909
Aryan Dutt,Netherlands,Bowler,14.0,2.0,114.0,117.0,57.0,97.44,0.0,0.0,7.0,3.0,30.0,26.0,521.0,597.0,22.96153846153846,6.88,2.0,0.0,0.0,75.0
John Turner,England,Batter,14.0,2.0,110.0,133.0,55.0,82.71,0.0,0.0,4.0,2.0,24.0,4.0,83.0,83.0,20.75,6.0,7.0,0.0,0.0,80.0
Gerald Coetzee,South Africa,Bowler,12.0,2.0,110.0,86.0,55.0,127.91,0.0,0.0,8.0,6.0,23.0,14.0,294.0,462.0,33.0,9.43,2.0,0.0,0.0,78.26086956521739
Haris Rauf,Pakistan,Bowler,28.0,2.0,109.0,111.0,54.5,98.2,0.0,0.0,8.0,5.0,13.0,138.0,1983.0,2734.0,19.81159420289855,8.27,25.0,0.0,0.0,100.0
Riyan Parag,India,Batter,6.0,2.0,106.0,72.0,53.0,147.22,0.0,0.0,3.0,9.0,34.0,5.0,75.0,83.0,16.6,6.64,7.0,0.0,0.0,77.77777777777779
Keshav Maharaj,South Africa,Bowler,15.0,2.0,103.0,117.0,51.5,88.03,0.0,0.0,6.0,5.0,41.0,41.0,814.0,985.0,24.024390243902438,7.26,13.0,0.0,0.0,75.0
Logan van Beek,Netherlands,Bowler,20.0,2.0,102.0,129.0,51.0,79.07,0.0,0.0,3.0,1.0,23.0,41.0,583.0,717.0,17.48780487804878,7.38,17.0,0.0,0.0,80.0
Kaleemullah,Oman,Bowler,19.0,2.0,99.0,105.0,49.5,94.29,0.0,0.0,3.0,6.0,14.0,36.0,753.0,894.0,24.833333333333332,7.12,4.0,0.0,0.0,100.0
Usman Tariq,Pakistan,Bowler,12.0,2.0,99.0,104.0,49.5,95.19,0.0,0.0,9.0,1.0,32.0,47.0,537.0,658.0,14.0,7.35,19.0,0.0,3.0,81.81818181818181
Nasum Ahmed,Bangladesh,Bowler,18.0,2.0,97.0,99.0,48.5,97.98,0.0,0.0,9.0,3.0,20.0,38.0,734.0,910.0,23.94736842105263,7.44,6.0,0.0,0.0,100.0
Faraz Akram,Zimbabwe,Batter,7.0,2.0,91.0,67.0,45.5,135.82,0.0,0.0,4.0,6.0,34.0,2.0,126.0,198.0,99.0,9.43,1.0,0.0,0.0,91.66666666666666
Nitish Kumar,United States of America,Batter,3.0,2.0,90.0,52.0,45.0,173.08,1.0,0.0,4.0,8.0,74.0,3.0,55.0,76.0,25.333333333333332,8.29,2.0,0.0,0.0,77.41935483870968
Nitish Kumar Reddy,India,Batter,3.0,2.0,90.0,52.0,45.0,173.08,1.0,0.0,4.0,8.0,74.0,3.0,55.0,76.0,25.333333333333332,8.29,2.0,0.0,0.0,97.2972972972973
Mustafizur Rahman,Bangladesh,Bowler,31.0,2.0,89.0,134.0,44.5,66.42,0.0,0.0,4.0,4.0,11.0,159.0,2556.0,3030.0,19.056603773584907,7.11,23.0,0.0,0.0,100.0
Abdul Samad,Pakistan,Bowler,8.0,2.0,84.0,88.0,42.0,95.45,0.0,0.0,5.0,3.0,44.0,11.0,157.0,119.0,10.818181818181818,4.55,2.0,0.0,0.0,100.0
Tayyab Tahir,Pakistan,Batter,4.0,2.0,84.0,66.0,42.0,127.27,0.0,0.0,7.0,3.0,39.0,0.0,0.0,0.0,0.0,0.0,3.0,0.0,0.0,100.0
AF Milne,New Zealand,Bowler,19.0,2.0,83.0,89.0,41.5,93.26,0.0,0.0,1.0,6.0,16.0,67.0,1185.0,1620.0,24.17910447761194,8.2,12.0,0.0,3.0,100.0
Jofra Archer,England,Bowler,12.0,2.0,82.0,67.0,41.0,122.39,0.0,0.0,6.0,4.0,21.0,49.0,799.0,1044.0,21.306122448979593,7.84,12.0,0.0,0.0,76.19047619047619
Richard Ngarava,Zimbabwe,Bowler,25.0,2.0,82.0,72.0,41.0,113.89,0.0,0.0,9.0,3.0,12.0,100.0,1674.0,1940.0,19.4,6.95,13.0,0.0,1.0,75.0
Maheesh Theekshana,Sri Lanka,Bowler,27.0,2.0,82.0,134.0,41.0,61.19,0.0,0.0,4.0,2.0,14.0,69.0,1466.0,1687.0,24.44927536231884,6.9,12.0,0.0,0.0,80.0
Luke Wood,England,Batter,5.0,2.0,82.0,79.0,41.0,103.8,0.0,0.0,4.0,6.0,37.0,3.0,102.0,104.0,34.666666666666664,6.12,5.0,0.0,0.0,84.21052631578947
Jewel Andrew,West Indies,Batter,5.0,1.0,78.0,82.0,78.0,95.12,0.0,0.0,5.0,4.0,35.0,0.0,0.0,0.0,0.0,0.0,3.0,0.0,0.0,80.0
Sandeep Lamichhane,Nepal,Bowler,19.0,2.0,71.0,76.0,35.5,93.42,0.0,0.0,3.0,2.0,16.0,129.0,1525.0,1557.0,12.069767441860465,6.13,20.0,0.0,0.0,80.0
Arshdeep Singh,India,Bowler,20.0,2.0,70.0,66.0,35.0,106.06,0.0,0.0,6.0,3.0,12.0,106.0,1387.0,1879.0,17.72641509433962,8.13,15.0,0.0,0.0,100.0
Obed McCoy,West Indies,Bowler,14.0,2.0,68.0,68.0,34.0,100.0,0.0,0.0,7.0,4.0,23.0,52.0,861.0,1225.0,23.557692307692307,8.54,3.0,0.0,0.0,77.77777777777779
Alei Nao,Papua New Guinea,Bowler,8.0,2.0,67.0,56.0,33.5,119.64,0.0,0.0,5.0,3.0,30.0,25.0,385.0,373.0,14.92,5.81,3.0,0.0,1.0,76.92307692307692
Omair Yousuf,Pakistan,Batter,6.0,2.0,67.0,66.0,33.5,101.52,0.0,0.0,6.0,2.0,22.0,0.0,0.0,0.0,0.0,0.0,3.0,0.0,0.0,100.0
Shariz Ahmad,Netherlands,Batter,7.0,2.0,65.0,67.0,32.5,97.01,0.0,0.0,5.0,0.0,16.0,8.0,171.0,227.0,28.375,7.96,1.0,0.0,0.0,100.0
Bevon Jacobs,New Zealand,Batter,3.0,1.0,64.0,60.0,64.0,106.67,0.0,0.0,2.0,3.0,44.0,0.0,0.0,0.0,0.0,0.0,2.0,0.0,0.0,76.19047619047619
Bilal Hassan,Uganda,Bowler,13.0,2.0,64.0,65.0,32.0,98.46,0.0,0.0,6.0,2.0,20.0,54.0,734.0,838.0,15.518518518518519,6.85,5.0,0.0,1.0,91.66666666666666
Kyle Jamieson,New Zealand,Bowler,7.0,2.0,63.0,48.0,31.5,131.25,0.0,0.0,8.0,0.0,30.0,21.0,498.0,732.0,34.857142857142854,8.82,5.0,0.0,0.0,83.33333333333334
Jack Jarvis,Scotland,Bowler,7.0,1.0,60.0,68.0,60.0,88.24,0.0,0.0,4.0,1.0,21.0,12.0,141.0,194.0,16.166666666666668,8.26,1.0,0.0,0.0,84.21052631578947
Kusal Perera,Sri Lanka,Batter,5.0,2.0,59.0,68.0,29.5,86.76,0.0,0.0,5.0,1.0,16.0,0.0,6.0,17.0,0.0,17.0,1.0,0.0,0.0,76.19047619047619
Adam Zampa,Australia,Bowler,22.0,2.0,59.0,75.0,29.5,78.67,0.0,0.0,6.0,0.0,13.0,132.0,2305.0,2846.0,21.560606060606062,7.41,15.0,0.0,0.0,82.35294117647058
Shoriful Islam,Bangladesh,Bowler,15.0,2.0,58.0,53.0,29.0,109.43,0.0,0.0,5.0,3.0,16.0,60.0,1055.0,1402.0,23.366666666666667,7.97,9.0,0.0,3.0,100.0
Liam Dawson,England,Bowler,5.0,2.0,57.0,37.0,28.5,154.05,0.0,0.0,8.0,2.0,34.0,19.0,369.0,477.0,25.105263157894736,7.76,3.0,0.0,0.0,80.0
Rehan Ahmed,England,Bowler,8.0,2.0,55.0,46.0,27.5,119.57,0.0,0.0,5.0,3.0,11.0,15.0,211.0,333.0,22.2,9.47,1.0,0.0,0.0,100.0
Ravi Bishnoi,India,Bowler,12.0,2.0,55.0,44.0,27.5,125.0,0.0,0.0,8.0,1.0,9.0,61.0,914.0,1085.0,17.78688524590164,7.12,18.0,0.0,1.0,100.0
Jamie Overton,England,Bowler,9.0,2.0,54.0,52.0,27.0,103.85,0.0,0.0,4.0,1.0,19.0,18.0,205.0,273.0,15.166666666666666,7.99,6.0,0.0,0.0,81.81818181818181
Ben Dwarshuis,Australia,Bowler,9.0,2.0,50.0,68.0,25.0,73.53,0.0,0.0,2.0,1.0,17.0,22.0,302.0,466.0,21.181818181818183,9.26,1.0,0.0,0.0,88.0
Sean Abbott,Australia,Bowler,12.0,2.0,50.0,50.0,25.0,100.0,0.0,0.0,4.0,1.0,13.0,36.0,568.0,837.0,23.25,8.84,17.0,0.0,0.0,80.0
Hasan Mahmud,Bangladesh,Bowler,9.0,2.0,50.0,52.0,25.0,96.15,0.0,0.0,0.0,4.0,26.0,29.0,537.0,687.0,23.689655172413794,7.68,8.0,0.0,0.0,100.0
Blessing Muzarabani,Zimbabwe,Bowler,21.0,2.0,48.0,66.0,24.0,72.73,0.0,0.0,6.0,1.0,9.0,79.0,1554.0,1784.0,22.582278481012658,6.89,10.0,0.0,1.0,77.41935483870968
Harshit Rana,India,Batter,2.0,1.0,48.0,43.0,48.0,111.63,0.0,0.0,3.0,2.0,35.0,5.0,80.0,140.0,28.0,10.5,2.0,0.0,0.0,100.0
Lungi Ngidi,South Africa,Bowler,15.0,2.0,48.0,57.0,24.0,84.21,0.0,0.0,4.0,1.0,13.0,74.0,1103.0,1594.0,21.54054054054054,8.67,8.0,0.0,1.0,77.77777777777779
Kuldeep Yadav,India,Bowler,8.0,2.0,47.0,71.0,23.5,66.2,0.0,0.0,2.0,0.0,23.0,86.0,1014.0,1138.0,13.232558139534884,6.73,12.0,0.0,0.0,100.0
Arafat Minhas,Pakistan,Batter,2.0,1.0,47.0,43.0,47.0,109.3,0.0,0.0,4.0,2.0,25.0,2.0,56.0,56.0,28.0,6.0,1.0,0.0,0.0,100.0
Kaleem Sana,Canada,Bowler,8.0,2.0,46.0,51.0,23.0,90.2,0.0,0.0,1.0,3.0,13.0,66.0,878.0,866.0,13.121212121212121,5.92,9.0,0.0,1.0,100.0
Fred Klaassen,Netherlands,Bowler,14.0,2.0,45.0,54.0,22.5,83.33,0.0,0.0,2.0,0.0,13.0,45.0,850.0,1055.0,23.444444444444443,7.45,15.0,0.0,1.0,83.33333333333334
Naseem Shah,Pakistan,Bowler,10.0,2.0,44.0,45.0,22.0,97.78,0.0,0.0,6.0,1.0,16.0,28.0,649.0,859.0,30.678571428571427,7.94,2.0,0.0,0.0,100.0
Gajanand Singh,United States of America,Batter,10.0,2.0,44.0,47.0,22.0,93.62,0.0,0.0,4.0,1.0,13.0,8.0,302.0,408.0,51.0,8.11,9.0,0.0,0.0,75.86206896551724
Binura Fernando,Sri Lanka,Bowler,7.0,2.0,43.0,49.0,21.5,87.76,0.0,0.0,3.0,1.0,20.0,24.0,497.0,666.0,27.75,8.04,1.0,0.0,1.0,80.0
Brad Evans,Zimbabwe,Bowler,7.0,2.0,43.0,46.0,21.5,93.48,0.0,0.0,1.0,1.0,19.0,27.0,348.0,442.0,16.37037037037037,7.62,7.0,0.0,0.0,82.35294117647058
Saurabh Netravalkar,United States of America,Bowler,10.0,2.0,42.0,49.0,21.0,85.71,0.0,0.0,2.0,1.0,12.0,40.0,817.0,949.0,23.725,6.97,7.0,0.0,0.0,78.78787878787878
Tony de Zorzi,South Africa,Batter,2.0,1.0,40.0,28.0,40.0,142.86,0.0,0.0,5.0,1.0,33.0,0.0,0.0,0.0,0.0,0.0,0.0,0.0,0.0,86.95652173913044
Haseebullah Khan,Pakistan,Batter,3.0,2.0,36.0,30.0,18.0,120.0,0.0,0.0,4.0,1.0,24.0,0.0,0.0,0.0,0.0,0.0,1.0,0.0,0.0,100.0
Saqib Mahmood,England,Bowler,9.0,2.0,35.0,47.0,17.5,74.47,0.0,0.0,2.0,1.0,12.0,22.0,401.0,605.0,27.5,9.05,2.0,0.0,0.0,81.81818181818181
Qasim Akram,Pakistan,Batter,2.0,1.0,32.0,31.0,32.0,103.23,0.0,0.0,5.0,0.0,20.0,2.0,11.0,6.0,3.0,3.27,1.0,0.0,0.0,100.0
Sean Williams,Zimbabwe,Batter,6.0,2.0,32.0,43.0,16.0,74.42,0.0,0.0,3.0,0.0,22.0,6.0,175.0,162.0,27.0,5.55,1.0,0.0,0.0,86.95652173913044
Janith Liyanage,Sri Lanka,Batter,4.0,2.0,30.0,47.0,15.0,63.83,0.0,0.0,0.0,0.0,11.0,0.0,0.0,0.0,0.0,0.0,1.0,0.0,0.0,80.0
Jahandad Khan,Pakistan,Batter,5.0,1.0,29.0,34.0,29.0,85.29,0.0,0.0,0.0,2.0,17.0,7.0,111.0,211.0,30.142857142857142,11.41,1.0,0.0,0.0,100.0
Shamar Joseph,West Indies,Bowler,3.0,1.0,28.0,19.0,28.0,147.37,0.0,0.0,2.0,2.0,21.0,15.0,260.0,390.0,26.0,9.0,4.0,0.0,0.0,76.19047619047619
Avesh Khan,India,Bowler,5.0,2.0,27.0,20.0,13.5,135.0,0.0,0.0,3.0,1.0,16.0,28.0,497.0,720.0,25.714285714285715,8.69,9.0,0.0,0.0,100.0
Bilal Khan,Oman,Bowler,18.0,2.0,27.0,50.0,13.5,54.0,0.0,0.0,1.0,0.0,6.0,106.0,1524.0,1738.0,16.39622641509434,6.84,8.0,0.0,0.0,100.0
Mark Wood,England,Bowler,7.0,2.0,27.0,28.0,13.5,96.43,0.0,0.0,2.0,0.0,10.0,57.0,793.0,1099.0,19.280701754385966,8.32,3.0,0.0,0.0,75.0
Fionn Hand,Ireland,Batter,8.0,2.0,27.0,29.0,13.5,93.1,0.0,0.0,4.0,0.0,9.0,5.0,153.0,236.0,47.2,9.25,2.0,0.0,0.0,75.0
Henry Ssenyondo,Uganda,Bowler,13.0,2.0,25.0,51.0,12.5,49.02,0.0,0.0,0.0,0.0,5.0,105.0,1635.0,1484.0,14.133333333333333,5.45,6.0,0.0,0.0,84.61538461538461
Senuran Muthusamy,South Africa,Batter,5.0,2.0,24.0,23.0,12.0,104.35,0.0,0.0,2.0,1.0,9.0,5.0,109.0,128.0,25.6,7.05,2.0,0.0,0.0,78.57142857142857
Josh Hazlewood,Australia,Bowler,9.0,2.0,24.0,23.0,12.0,104.35,0.0,0.0,2.0,1.0,13.0,79.0,1343.0,1659.0,21.0,7.41,10.0,0.0,0.0,84.61538461538461
Navin Bidaisee,West Indies,Batter,2.0,1.0,24.0,32.0,24.0,75.0,0.0,0.0,1.0,1.0,22.0,3.0,53.0,62.0,20.666666666666668,7.02,2.0,0.0,0.0,83.33333333333334
Mohammad Hasnain,Pakistan,Bowler,7.0,2.0,24.0,26.0,12.0,92.31,0.0,0.0,2.0,1.0,8.0,28.0,622.0,868.0,31.0,8.37,1.0,0.0,0.0,100.0
Mehidy Hasan,Bangladesh,Batter,4.0,2.0,23.0,34.0,11.5,67.65,0.0,0.0,0.0,1.0,9.0,6.0,78.0,101.0,16.833333333333332,7.77,1.0,0.0,0.0,76.92307692307692
Ben Sears,New Zealand,Bowler,7.0,2.0,21.0,29.0,10.5,72.41,0.0,0.0,2.0,0.0,7.0,24.0,407.0,584.0,24.333333333333332,8.61,3.0,0.0,0.0,82.35294117647058
Ben White,Ireland,Bowler,7.0,2.0,21.0,42.0,10.5,50.0,0.0,0.0,1.0,0.0,7.0,30.0,645.0,908.0,30.266666666666666,8.45,6.0,0.0,0.0,87.5
Jitesh Sharma,India,Batter,4.0,2.0,20.0,58.0,10.0,34.48,0.0,0.0,3.0,0.0,15.0,3.0,56.0,78.0,26.0,8.36,0.0,0.0,0.0,76.92307692307692
Kwena Maphaka,South Africa,Bowler,6.0,2.0,19.0,24.0,9.5,79.17,0.0,0.0,2.0,0.0,12.0,15.0,283.0,420.0,28.0,8.9,6.0,0.0,0.0,78.26086956521739
Matt Henry,New Zealand,Bowler,7.0,2.0,18.0,21.0,9.0,85.71,0.0,0.0,2.0,0.0,10.0,41.0,638.0,879.0,21.4390243902439,8.27,9.0,0.0,1.0,77.77777777777779
Sufiyan Muqeem,Pakistan,Bowler,7.0,2.0,18.0,17.0,9.0,105.88,0.0,0.0,2.0,0.0,10.0,25.0,303.0,314.0,12.56,6.22,3.0,0.0,0.0,100.0
Xavier Bartlett,Australia,Bowler,7.0,2.0,18.0,28.0,9.0,64.29,0.0,0.0,2.0,0.0,9.0,21.0,310.0,389.0,18.523809523809526,7.53,8.0,0.0,0.0,76.92307692307692
Ahmed Daniyal,Pakistan,Batter,1.0,1.0,17.0,11.0,17.0,154.55,0.0,0.0,3.0,0.0,17.0,3.0,44.0,40.0,13.333333333333334,5.45,1.0,0.0,0.0,100.0
Tangeni Lungameni,Namibia,Bowler,4.0,2.0,16.0,11.0,8.0,145.45,0.0,0.0,3.0,0.0,12.0,31.0,771.0,938.0,30.258064516129032,7.3,9.0,0.0,0.0,78.57142857142857
Liam McCarthy,Ireland,Batter,1.0,1.0,16.0,15.0,16.0,106.67,0.0,0.0,1.0,1.0,16.0,0.0,26.0,81.0,0.0,18.69,0.0,0.0,0.0,86.95652173913044
Ramandeep Singh,India,Batter,1.0,1.0,15.0,6.0,15.0,250.0,0.0,0.0,1.0,1.0,15.0,1.0,23.0,42.0,42.0,10.96,1.0,0.0,0.0,100.0
Nahid Rana,Bangladesh,Batter,2.0,1.0,15.0,30.0,15.0,50.0,0.0,0.0,0.0,0.0,9.0,0.0,0.0,0.0,0.0,0.0,0.0,0.0,0.0,75.0
Ali Khan,United States of America,Bowler,5.0,2.0,15.0,12.0,7.5,125.0,0.0,0.0,1.0,1.0,14.0,18.0,401.0,568.0,31.555555555555557,8.5,2.0,0.0,0.0,100.0
Mohammed Siraj,India,Bowler,4.0,2.0,14.0,16.0,7.0,87.5,0.0,0.0,1.0,0.0,7.0,15.0,363.0,461.0,30.733333333333334,7.62,6.0,0.0,2.0,100.0
Chamindu Wickramasinghe,Sri Lanka,Batter,3.0,2.0,14.0,11.0,7.0,127.27,0.0,0.0,2.0,0.0,6.0,1.0,43.0,55.0,55.0,7.67,2.0,0.0,0.0,82.05128205128204
John Kariko,Papua New Guinea,Bowler,6.0,2.0,14.0,24.0,7.0,58.33,0.0,0.0,0.0,1.0,9.0,26.0,412.0,368.0,14.153846153846153,5.36,6.0,0.0,0.0,84.21052631578947
Lizaad Williams,South Africa,Bowler,10.0,2.0,14.0,26.0,7.0,53.85,0.0,0.0,0.0,0.0,5.0,25.0,409.0,634.0,25.36,9.3,5.0,0.0,0.0,76.92307692307692
Tanvir Islam,Bangladesh,Batter,3.0,1.0,12.0,17.0,12.0,70.59,0.0,0.0,1.0,0.0,8.0,4.0,103.0,140.0,35.0,8.16,1.0,0.0,0.0,100.0
Alex Carey,Australia,Batter,2.0,1.0,12.0,23.0,12.0,52.17,0.0,0.0,0.0,0.0,6.0,1.0,19.0,12.0,12.0,3.79,0.0,0.0,0.0,81.81818181818181
Dhruv Jurel,India,Batter,3.0,1.0,12.0,23.0,12.0,52.17,0.0,0.0,1.0,0.0,6.0,0.0,0.0,0.0,0.0,0.0,7.0,1.0,1.0,100.0
Dunith Wellalage,Sri Lanka,Batter,2.0,1.0,12.0,16.0,12.0,75.0,0.0,0.0,1.0,1.0,11.0,6.0,119.0,137.0,22.833333333333332,6.91,3.0,0.0,0.0,78.57142857142857
Nandre Burger,South Africa,Batter,3.0,2.0,10.0,21.0,5.0,47.62,0.0,0.0,0.0,0.0,9.0,6.0,188.0,251.0,41.833333333333336,8.01,2.0,0.0,0.0,76.19047619047619
Hasan Ali,Pakistan,Batter,1.0,1.0,10.0,7.0,10.0,142.86,0.0,0.0,0.0,1.0,10.0,7.0,96.0,75.0,10.714285714285714,4.69,1.0,0.0,0.0,100.0
Lalit Rajbanshi,Nepal,Bowler,5.0,2.0,8.0,17.0,4.0,47.06,0.0,0.0,0.0,0.0,3.0,40.0,751.0,798.0,19.95,6.38,6.0,0.0,0.0,81.4814814814815
Dan Mousley,England,Batter,1.0,1.0,8.0,6.0,8.0,133.33,0.0,0.0,0.0,1.0,8.0,2.0,55.0,83.0,41.5,9.05,4.0,0.0,0.0,85.71428571428572
Matthew Humphreys,Ireland,Batter,2.0,1.0,7.0,6.0,7.0,116.67,0.0,0.0,1.0,0.0,7.0,8.0,160.0,183.0,22.875,6.86,1.0,0.0,0.0,75.86206896551724
Pratis GC,Nepal,Batter,5.0,2.0,7.0,11.0,3.5,63.64,0.0,0.0,0.0,0.0,6.0,8.0,211.0,289.0,36.125,8.22,2.0,0.0,0.0,100.0
Mukesh Kumar,India,Bowler,3.0,2.0,5.0,5.0,2.5,100.0,0.0,0.0,1.0,0.0,4.0,19.0,283.0,393.0,20.68421052631579,8.33,2.0,0.0,0.0,100.0
Abrar Ahmed,Pakistan,Bowler,4.0,2.0,4.0,12.0,2.0,33.33,0.0,0.0,0.0,0.0,2.0,29.0,512.0,587.0,20.24137931034483,6.88,6.0,0.0,0.0,100.0
Hamza Tahir,Scotland,Bowler,2.0,2.0,3.0,7.0,1.5,42.86,0.0,0.0,0.0,0.0,3.0,22.0,351.0,485.0,22.045454545454547,8.29,4.0,0.0,0.0,100.0
Nuwan Thushara,Sri Lanka,Bowler,6.0,2.0,3.0,12.0,1.5,25.0,0.0,0.0,0.0,0.0,2.0,32.0,536.0,694.0,21.6875,7.77,2.0,0.0,0.0,83.33333333333334
Salman Mirza,Pakistan,Bowler,2.0,1.0,3.0,3.0,3.0,100.0,0.0,0.0,0.0,0.0,3.0,13.0,174.0,165.0,12.692307692307692,5.69,0.0,0.0,0.0,100.0
Axar Patel,India,Batter,2.0,1.0,2.0,7.0,2.0,28.57,0.0,0.0,0.0,0.0,1.0,3.0,44.0,54.0,18.0,7.36,0.0,0.0,0.0,81.81818181818181
Mitchell Owen,Australia,Batter,2.0,2.0,2.0,5.0,1.0,40.0,0.0,0.0,0.0,0.0,1.0,3.0,104.0,148.0,49.333333333333336,8.54,1.0,0.0,0.0,75.0
Mohammad Ali,Pakistan,Batter,1.0,1.0,1.0,1.0,1.0,100.0,0.0,0.0,0.0,0.0,1.0,1.0,44.0,87.0,87.0,11.86,0.0,0.0,0.0,100.0
Ben Shikongo,Namibia,Bowler,3.0,2.0,1.0,6.0,0.5,16.67,0.0,0.0,0.0,0.0,1.0,40.0,674.0,731.0,18.275,6.51,11.0,0.0,0.0,90.9090909090909
